entidad,nom_ent,mun,nom_mun,loc,nom_loc,latitud,longitud,altitud,tamloc,pobtot,pob0_14,pob15_64,pob65_mas,vivtot,tvivparhab,vph_aguadv,vph_aguafv,vph_tinaco,vph_cister,vph_drenaj,vph_nodren,vph_c_serv,vph_excsa,cve_alcaldia
9,Ciudad de México,002,Azcapotzalco,1,Azcapotzalco,19.484102777777778,-99.18436055555556,2244,12.0,432205,70366.0,306611.0,54863.0,149381,134168.0,133597.0,239.0,107591.0,84062.0,133748.0,87.0,133511.0,133572.0,002
9,Ciudad de México,003,Coyoacán,1,Coyoacán,19.35021388888889,-99.16214555555555,2247,13.0,614447,91327.0,432544.0,90448.0,208024,191517.0,191053.0,133.0,154811.0,114453.0,190986.0,182.0,190814.0,190834.0,003
9,Ciudad de México,004,Cuajimalpa de Morelos,1,Cuajimalpa de Morelos,19.35735027777778,-99.29979222222222,2780,11.0,186693,37821.0,133841.0,14922.0,56986,52524.0,52297.0,124.0,44923.0,21752.0,52288.0,104.0,52163.0,52233.0,004
9,Ciudad de México,004,Cuajimalpa de Morelos,10,Cruz Blanca,19.317785,-99.32401027777777,2982,3.0,728,199.0,498.0,31.0,224,192.0,189.0,3.0,171.0,25.0,182.0,10.0,181.0,160.0,004
9,Ciudad de México,004,Cuajimalpa de Morelos,20,San Lorenzo Acopilco,19.33100472222222,-99.32568166666667,2936,8.0,26042,6195.0,18194.0,1649.0,7357,6627.0,6554.0,71.0,6239.0,1966.0,6601.0,16.0,6530.0,6564.0,004
9,Ciudad de México,004,Cuajimalpa de Morelos,50,La Venta,19.334375555555553,-99.31021277777778,2862,2.0,486,109.0,341.0,36.0,128,124.0,124.0,0.0,105.0,11.0,124.0,0.0,124.0,123.0,004
9,Ciudad de México,004,Cuajimalpa de Morelos,54,Puerto las Cruces (Monte las Cruces),19.294861111111114,-99.34762111111111,3200,4.0,1233,316.0,868.0,46.0,367,323.0,312.0,5.0,290.0,42.0,309.0,4.0,304.0,301.0,004
9,Ciudad de México,004,Cuajimalpa de Morelos,55,Teopazulco,19.345925833333332,-99.32311527777777,2940,1.0,80,20.0,53.0,7.0,29,23.0,23.0,0.0,21.0,10.0,23.0,0.0,23.0,12.0,004
9,Ciudad de México,004,Cuajimalpa de Morelos,56,Valle de las Monjas,19.33856361111111,-99.29324222222222,2663,1.0,108,28.0,77.0,3.0,34,32.0,29.0,2.0,22.0,2.0,31.0,0.0,29.0,31.0,004
9,Ciudad de México,004,Cuajimalpa de Morelos,57,Prolongación Constitución,19.352650555555556,-99.32667194444444,2715,1.0,131,27.0,100.0,4.0,37,32.0,32.0,0.0,27.0,2.0,32.0,0.0,32.0,31.0,004
9,Ciudad de México,004,Cuajimalpa de Morelos,58,Paraje Río Borracho,19.349437777777776,-99.32823666666667,2692,1.0,80,21.0,57.0,2.0,28,21.0,21.0,0.0,19.0,9.0,21.0,0.0,21.0,21.0,004
9,Ciudad de México,004,Cuajimalpa de Morelos,59,El Zarco,19.293255000000002,-99.35439138888889,3141,1.0,24,4.0,18.0,2.0,9,9.0,9.0,0.0,9.0,0.0,9.0,0.0,9.0,9.0,004
9,Ciudad de México,004,Cuajimalpa de Morelos,62,Los Campesinos [Rancho],19.30500027777778,-99.34466277777777,3056,1.0,29,5.0,22.0,2.0,5,5.0,5.0,0.0,3.0,3.0,4.0,0.0,4.0,5.0,004
9,Ciudad de México,004,Cuajimalpa de Morelos,63,Santa Rosa,19.323321944444444,-99.29508055555556,2859,3.0,818,236.0,562.0,20.0,231,204.0,182.0,22.0,177.0,37.0,202.0,2.0,180.0,192.0,004
9,Ciudad de México,004,Cuajimalpa de Morelos,66,Santa Laura [Rancho],19.343551666666666,-99.31948277777778,2725,1.0,38,1.0,36.0,1.0,15,14.0,14.0,0.0,14.0,10.0,14.0,0.0,14.0,14.0,004
9,Ciudad de México,004,Cuajimalpa de Morelos,70,Punta Galicia,19.374896666666668,-99.3033725,2536,2.0,438,99.0,329.0,10.0,134,119.0,119.0,0.0,114.0,51.0,119.0,0.0,119.0,119.0,004
9,Ciudad de México,004,Cuajimalpa de Morelos,73,Los Aguacates,19.369901944444447,-99.31073194444444,2725,3.0,514,154.0,343.0,17.0,170,129.0,72.0,57.0,128.0,39.0,129.0,0.0,72.0,124.0,004
9,Ciudad de México,004,Cuajimalpa de Morelos,74,Punta Ahuatenco,19.36803,-99.30580083333334,2556,1.0,173,49.0,119.0,5.0,48,43.0,43.0,0.0,42.0,4.0,43.0,0.0,43.0,42.0,004
9,Ciudad de México,004,Cuajimalpa de Morelos,77,Coatzehuaya,19.350028611111114,-99.32536305555556,2822,1.0,28,10.0,16.0,2.0,6,5.0,5.0,0.0,4.0,0.0,4.0,1.0,4.0,3.0,004
9,Ciudad de México,005,Gustavo A. Madero,1,Gustavo A. Madero,19.482945277777777,-99.11347083333332,2230,14.0,1173351,212345.0,819397.0,141375.0,370297,340155.0,338900.0,755.0,290036.0,174056.0,339341.0,298.0,338541.0,338954.0,005
9,Ciudad de México,006,Iztacalco,1,Iztacalco,19.395901388888888,-99.09761277777777,2230,12.0,404695,69312.0,286131.0,49074.0,130175,117720.0,117352.0,93.0,99351.0,81344.0,117387.0,42.0,117263.0,117282.0,006
9,Ciudad de México,007,Iztapalapa,1,Iztapalapa,19.35900388888889,-99.09262249999999,2239,14.0,1835486,366835.0,1293944.0,174312.0,537596,504365.0,502275.0,1278.0,421102.0,324283.0,503213.0,327.0,501797.0,502598.0,007
9,Ciudad de México,008,La Magdalena Contreras,1,La Magdalena Contreras,19.304898055555554,-99.24151555555555,2521,11.0,246428,47068.0,173311.0,26006.0,71126,67755.0,66983.0,675.0,57479.0,16777.0,67540.0,111.0,66842.0,67378.0,008
9,Ciudad de México,008,La Magdalena Contreras,71,Ejido de San Nicolás Totolapan,19.253965,-99.24544611111111,2914,1.0,15,4.0,9.0,2.0,32,6.0,4.0,0.0,4.0,1.0,4.0,0.0,4.0,4.0,008
9,Ciudad de México,008,La Magdalena Contreras,75,Segundo Dinamo,19.2843325,-99.27448805555555,2756,1.0,10,0.0,9.0,1.0,9,6.0,6.0,0.0,0.0,0.0,6.0,0.0,3.0,6.0,008
9,Ciudad de México,008,La Magdalena Contreras,83,El Gavillero,19.28702527777778,-99.24912027777778,2604,2.0,452,122.0,311.0,19.0,126,116.0,13.0,103.0,86.0,18.0,0.0,116.0,0.0,96.0,008
9,Ciudad de México,008,La Magdalena Contreras,85,El Ocotal (La Carbonera),19.29385416666667,-99.26261138888889,2726,1.0,23,2.0,18.0,3.0,12,12.0,11.0,1.0,3.0,1.0,12.0,0.0,10.0,8.0,008
9,Ciudad de México,008,La Magdalena Contreras,88,Totolapan,19.280696666666667,-99.24602,2622,2.0,334,88.0,235.0,11.0,93,88.0,75.0,13.0,81.0,11.0,88.0,0.0,75.0,87.0,008
9,Ciudad de México,008,La Magdalena Contreras,101,Ocotenco (La Loma Cazulco),19.292886666666668,-99.2544136111111,2658,1.0,15,0.0,12.0,3.0,14,14.0,14.0,0.0,11.0,0.0,14.0,0.0,11.0,14.0,008
9,Ciudad de México,008,La Magdalena Contreras,104,Rancho Viejo,19.25824,-99.25031972222222,2842,1.0,67,26.0,40.0,1.0,18,14.0,12.0,1.0,8.0,3.0,12.0,1.0,12.0,13.0,008
9,Ciudad de México,008,La Magdalena Contreras,106,Prolongación Ermitaño,19.300858611111114,-99.26732305555555,2740,1.0,37,11.0,25.0,1.0,14,9.0,8.0,1.0,5.0,2.0,9.0,0.0,8.0,8.0,008
9,Ciudad de México,008,La Magdalena Contreras,108,Rincón Eslava,19.28969277777778,-99.251075,2554,1.0,51,13.0,36.0,2.0,21,13.0,10.0,3.0,13.0,3.0,12.0,1.0,10.0,12.0,008
9,Ciudad de México,008,La Magdalena Contreras,111,Rancho Chichicaspa,19.276578055555554,-99.24591222222222,2594,1.0,29,5.0,20.0,4.0,8,7.0,7.0,0.0,6.0,2.0,7.0,0.0,7.0,6.0,008
9,Ciudad de México,008,La Magdalena Contreras,112,Paraje Chichicaspa,19.275787777777776,-99.24998416666666,2597,1.0,119,30.0,86.0,3.0,49,34.0,33.0,1.0,26.0,11.0,34.0,0.0,32.0,33.0,008
9,Ciudad de México,009,Milpa Alta,1,Villa Milpa Alta,19.191249444444445,-99.02337194444445,2429,8.0,18213,3875.0,12534.0,1804.0,5206,4621.0,4541.0,69.0,3904.0,605.0,4561.0,49.0,4496.0,4523.0,009
9,Ciudad de México,009,Milpa Alta,11,San Antonio Tecómitl,19.21753722222222,-98.99371777777777,2257,8.0,27768,6322.0,19455.0,1991.0,8123,7221.0,6951.0,261.0,6538.0,1601.0,7180.0,32.0,6924.0,7142.0,009
9,Ciudad de México,009,Milpa Alta,15,San Bartolomé Xicomulco,19.206759444444444,-99.0678925,2593,5.0,4933,1114.0,3408.0,411.0,1522,1331.0,1312.0,16.0,1203.0,517.0,1321.0,7.0,1307.0,1319.0,009
9,Ciudad de México,009,Milpa Alta,17,San Francisco Tecoxpa,19.199448333333333,-99.00628694444444,2308,7.0,13919,3295.0,9680.0,937.0,4105,3613.0,3518.0,84.0,2979.0,473.0,3529.0,73.0,3459.0,3509.0,009
9,Ciudad de México,009,Milpa Alta,24,San Pablo Oztotepec,19.187285,-99.07314916666667,2715,8.0,17715,4401.0,12081.0,1233.0,5116,4488.0,4146.0,336.0,4024.0,915.0,4462.0,20.0,4131.0,4415.0,009
9,Ciudad de México,009,Milpa Alta,29,San Pedro Atocpan,19.20163722222222,-99.04941083333333,2447,6.0,9234,2095.0,6412.0,727.0,2620,2342.0,2256.0,76.0,1885.0,583.0,2291.0,41.0,2223.0,2279.0,009
9,Ciudad de México,009,Milpa Alta,33,San Salvador Cuauhtenco,19.191988333333335,-99.08995416666666,2753,8.0,16847,4021.0,11787.0,1032.0,4738,4233.0,3585.0,645.0,3836.0,1442.0,4192.0,38.0,3567.0,4141.0,009
9,Ciudad de México,009,Milpa Alta,36,Santa Ana Tlacotenco,19.175910555555557,-98.99780083333333,2612,7.0,11715,2693.0,8053.0,969.0,3446,3030.0,2977.0,49.0,2696.0,559.0,2987.0,39.0,2945.0,2937.0,009
9,Ciudad de México,009,Milpa Alta,37,Cruztitla,19.21488611111111,-99.00350277777778,2308,4.0,1123,303.0,778.0,42.0,321,278.0,133.0,145.0,230.0,107.0,256.0,22.0,130.0,259.0,009
9,Ciudad de México,009,Milpa Alta,45,Los Pinos (Totulan),19.18355111111111,-99.03512333333333,2572,1.0,57,11.0,44.0,2.0,19,17.0,17.0,0.0,17.0,0.0,17.0,0.0,17.0,17.0,009
9,Ciudad de México,009,Milpa Alta,46,Xoctonco,19.18405111111111,-99.08698055555556,2866,2.0,394,96.0,284.0,14.0,126,107.0,10.0,96.0,87.0,12.0,102.0,4.0,9.0,99.0,009
9,Ciudad de México,009,Milpa Alta,50,Cozcatlán,19.181181666666667,-99.0176738888889,2539,1.0,27,9.0,17.0,1.0,8,6.0,6.0,0.0,5.0,5.0,6.0,0.0,6.0,6.0,009
9,Ciudad de México,009,Milpa Alta,52,La Herradura (Séptima Curva),19.185610555555556,-99.0513286111111,2601,1.0,102,28.0,70.0,4.0,35,31.0,30.0,1.0,18.0,2.0,24.0,7.0,24.0,23.0,009
9,Ciudad de México,009,Milpa Alta,54,Zangahco,19.173942222222223,-99.06566388888889,2805,1.0,72,19.0,52.0,1.0,23,18.0,0.0,18.0,17.0,3.0,17.0,1.0,0.0,16.0,009
9,Ciudad de México,009,Milpa Alta,56,Hueycotzingo,19.191315555555555,-99.05240222222221,2546,1.0,110,29.0,78.0,3.0,28,25.0,24.0,1.0,20.0,1.0,25.0,0.0,24.0,23.0,009
9,Ciudad de México,009,Milpa Alta,66,Cuauhtec (El Mirador Santa Ana Tlacotenco),19.161441944444444,-98.99002666666667,2717,1.0,16,4.0,11.0,1.0,3,3.0,0.0,3.0,3.0,1.0,3.0,0.0,0.0,1.0,009
9,Ciudad de México,009,Milpa Alta,67,La Mora,19.19006361111111,-99.03483638888889,2516,1.0,182,48.0,126.0,8.0,47,44.0,34.0,10.0,37.0,6.0,44.0,0.0,34.0,33.0,009
9,Ciudad de México,009,Milpa Alta,68,Metenco,19.204945277777778,-99.08104055555555,2636,2.0,464,102.0,336.0,26.0,170,130.0,28.0,102.0,109.0,56.0,117.0,13.0,27.0,109.0,009
9,Ciudad de México,009,Milpa Alta,72,Tamasquititla,19.173890833333335,-99.02406694444444,2665,1.0,11,0.0,9.0,2.0,5,4.0,0.0,4.0,4.0,1.0,4.0,0.0,0.0,2.0,009
9,Ciudad de México,009,Milpa Alta,74,San Agustín Xolco,19.177268333333334,-99.00873,2613,1.0,38,7.0,30.0,1.0,14,9.0,9.0,0.0,9.0,5.0,9.0,0.0,9.0,9.0,009
9,Ciudad de México,009,Milpa Alta,77,San Marcos (Tezocotitla),19.169585,-99.02613333333333,2740,1.0,195,54.0,126.0,15.0,81,54.0,52.0,2.0,38.0,6.0,53.0,1.0,52.0,41.0,009
9,Ciudad de México,009,Milpa Alta,81,Cuyucalco,19.183165555555558,-99.05987194444444,2672,1.0,120,31.0,85.0,4.0,39,34.0,30.0,4.0,25.0,5.0,34.0,0.0,30.0,33.0,009
9,Ciudad de México,009,Milpa Alta,82,Iztahuaca,19.18531861111111,-99.05892972222222,2651,1.0,84,22.0,61.0,1.0,27,22.0,21.0,1.0,15.0,5.0,20.0,2.0,20.0,19.0,009
9,Ciudad de México,009,Milpa Alta,83,Tzotzomaco,19.19812027777778,-99.03909388888889,2494,1.0,25,6.0,17.0,2.0,8,8.0,6.0,2.0,8.0,1.0,8.0,0.0,6.0,7.0,009
9,Ciudad de México,009,Milpa Alta,84,Tlatepexco,19.19563888888889,-99.07775694444445,2628,1.0,156,44.0,108.0,4.0,52,40.0,34.0,6.0,29.0,9.0,39.0,1.0,33.0,40.0,009
9,Ciudad de México,009,Milpa Alta,88,San Paocotitla,19.186580555555555,-99.050935,2589,1.0,197,47.0,142.0,8.0,58,51.0,43.0,7.0,18.0,5.0,47.0,3.0,41.0,46.0,009
9,Ciudad de México,009,Milpa Alta,90,Tlacopac,19.172800555555558,-99.04077861111111,2719,1.0,110,32.0,75.0,3.0,32,28.0,26.0,2.0,23.0,5.0,27.0,1.0,24.0,26.0,009
9,Ciudad de México,009,Milpa Alta,92,Tecolotzitzatzian (Tiapa),19.16406111111111,-99.0433861111111,2823,1.0,15,5.0,9.0,1.0,7,5.0,1.0,4.0,4.0,0.0,3.0,2.0,1.0,3.0,009
9,Ciudad de México,009,Milpa Alta,95,Tepetlapa,19.185500833333332,-99.00985777777778,2453,1.0,225,49.0,163.0,13.0,71,56.0,49.0,7.0,40.0,8.0,46.0,10.0,42.0,40.0,009
9,Ciudad de México,009,Milpa Alta,96,Tequianquiztunco,19.1663075,-99.07217444444444,2915,1.0,18,6.0,12.0,0.0,6,5.0,0.0,5.0,5.0,1.0,5.0,0.0,0.0,4.0,009
9,Ciudad de México,009,Milpa Alta,98,Tetexipezco,19.202131944444442,-99.03674305555555,2451,1.0,35,13.0,20.0,2.0,9,9.0,0.0,9.0,9.0,1.0,8.0,1.0,0.0,9.0,009
9,Ciudad de México,009,Milpa Alta,99,Tetlicuili (El Encinal),19.163473611111108,-98.98329333333334,2693,1.0,15,4.0,9.0,2.0,7,5.0,2.0,3.0,5.0,0.0,4.0,1.0,1.0,1.0,009
9,Ciudad de México,009,Milpa Alta,101,Texcalatlautenco,19.20171388888889,-99.05887527777777,2492,1.0,40,14.0,26.0,0.0,11,9.0,8.0,1.0,8.0,1.0,9.0,0.0,8.0,9.0,009
9,Ciudad de México,009,Milpa Alta,103,Tezompa,19.188860277777778,-99.05300111111112,2573,1.0,226,67.0,153.0,6.0,65,51.0,49.0,2.0,40.0,5.0,50.0,1.0,48.0,46.0,009
9,Ciudad de México,009,Milpa Alta,104,Teziuhtepec,19.17193166666667,-99.07104527777777,2851,1.0,138,34.0,100.0,4.0,37,34.0,0.0,34.0,31.0,3.0,34.0,0.0,0.0,30.0,009
9,Ciudad de México,009,Milpa Alta,105,Tetzumpa,19.16783888888889,-99.07032833333334,2889,1.0,18,4.0,13.0,1.0,5,5.0,0.0,5.0,5.0,0.0,5.0,0.0,0.0,5.0,009
9,Ciudad de México,009,Milpa Alta,109,Tlaxala,19.202795277777778,-99.03741555555555,2448,1.0,69,20.0,45.0,4.0,22,13.0,12.0,1.0,12.0,3.0,12.0,1.0,12.0,11.0,009
9,Ciudad de México,009,Milpa Alta,112,Tetepanco,19.20584861111111,-99.05460416666666,2543,1.0,153,46.0,103.0,4.0,39,33.0,6.0,27.0,28.0,12.0,32.0,1.0,6.0,32.0,009
9,Ciudad de México,009,Milpa Alta,113,Copexalco,19.213945,-99.0609586111111,2577,1.0,69,13.0,45.0,11.0,30,19.0,18.0,1.0,16.0,11.0,19.0,0.0,17.0,19.0,009
9,Ciudad de México,009,Milpa Alta,115,San José,19.206573055555555,-99.06011277777777,2585,2.0,313,79.0,212.0,22.0,113,88.0,14.0,74.0,62.0,28.0,85.0,3.0,14.0,83.0,009
9,Ciudad de México,009,Milpa Alta,116,Hueytepetl (Bugambilias),19.189315555555556,-98.99011,2460,1.0,249,62.0,175.0,12.0,72,63.0,54.0,9.0,52.0,15.0,63.0,0.0,54.0,59.0,009
9,Ciudad de México,009,Milpa Alta,117,Ocoximalipa,19.173900555555555,-99.06929083333333,2831,1.0,144,38.0,101.0,5.0,40,33.0,1.0,32.0,30.0,8.0,33.0,0.0,1.0,31.0,009
9,Ciudad de México,009,Milpa Alta,120,Corralixpa,19.17644527777778,-99.07656416666666,2857,1.0,245,57.0,178.0,10.0,77,60.0,11.0,49.0,56.0,10.0,59.0,1.0,11.0,53.0,009
9,Ciudad de México,009,Milpa Alta,126,Coyocalli,19.197457777777778,-99.03650305555556,2473,1.0,44,17.0,27.0,0.0,11,10.0,8.0,2.0,4.0,1.0,9.0,1.0,7.0,6.0,009
9,Ciudad de México,009,Milpa Alta,129,Tlapalan,19.179769444444446,-99.01042138888889,2568,1.0,36,13.0,23.0,0.0,10,9.0,9.0,0.0,8.0,1.0,9.0,0.0,9.0,5.0,009
9,Ciudad de México,009,Milpa Alta,131,Texalco,19.192904444444444,-99.03553027777778,2470,1.0,157,50.0,102.0,5.0,42,37.0,16.0,21.0,33.0,6.0,37.0,0.0,16.0,28.0,009
9,Ciudad de México,009,Milpa Alta,134,Queapilco,19.19023111111111,-99.10104416666667,2779,1.0,59,12.0,45.0,2.0,22,16.0,2.0,14.0,15.0,6.0,16.0,0.0,2.0,16.0,009
9,Ciudad de México,009,Milpa Alta,138,Barranca Seca (Pozo Ocho),19.20742222222222,-98.99744583333333,2281,2.0,265,77.0,173.0,15.0,74,66.0,66.0,0.0,62.0,24.0,66.0,0.0,66.0,66.0,009
9,Ciudad de México,009,Milpa Alta,139,Teatlaco,19.190366666666666,-98.99120638888888,2440,1.0,165,35.0,123.0,7.0,44,40.0,39.0,1.0,34.0,7.0,40.0,0.0,39.0,39.0,009
9,Ciudad de México,009,Milpa Alta,140,Tlaloxtoc (Ejidos de Tecoxpa),19.196751944444443,-98.98054777777779,2334,1.0,19,7.0,10.0,2.0,8,6.0,0.0,6.0,4.0,0.0,5.0,1.0,0.0,6.0,009
9,Ciudad de México,009,Milpa Alta,141,Tezquizco,19.204729444444443,-99.08602083333332,2630,1.0,11,3.0,8.0,0.0,5,3.0,0.0,3.0,3.0,1.0,3.0,0.0,0.0,2.0,009
9,Ciudad de México,009,Milpa Alta,142,Atuzanco,19.20912,-99.05530916666666,2553,1.0,20,5.0,14.0,1.0,6,6.0,2.0,4.0,4.0,0.0,5.0,1.0,2.0,6.0,009
9,Ciudad de México,009,Milpa Alta,147,El Potrero,19.210744444444444,-99.09307388888888,2568,1.0,23,8.0,14.0,1.0,9,8.0,8.0,0.0,8.0,4.0,8.0,0.0,8.0,8.0,009
9,Ciudad de México,009,Milpa Alta,151,Miquixpa,19.187424444444446,-99.10078722222222,2821,1.0,50,17.0,33.0,0.0,13,9.0,2.0,7.0,8.0,4.0,9.0,0.0,2.0,9.0,009
9,Ciudad de México,009,Milpa Alta,152,San Lorenzo Tlacoyucan,19.1763225,-99.03142222222222,2616,5.0,4288,1038.0,2920.0,330.0,1244,1112.0,1096.0,11.0,969.0,137.0,1083.0,24.0,1075.0,1068.0,009
9,Ciudad de México,009,Milpa Alta,154,Rinconada del Teoca,19.208951388888888,-99.08936138888889,2603,1.0,134,36.0,94.0,4.0,36,32.0,5.0,27.0,28.0,8.0,30.0,2.0,5.0,30.0,009
9,Ciudad de México,009,Milpa Alta,155,Tepexomulco,19.204552777777778,-99.05616055555555,2515,1.0,123,34.0,82.0,7.0,29,25.0,23.0,2.0,24.0,4.0,25.0,0.0,23.0,24.0,009
9,Ciudad de México,009,Milpa Alta,156,Temoclaluca,19.195770555555555,-99.07999,2649,1.0,32,8.0,24.0,0.0,15,9.0,8.0,1.0,9.0,2.0,9.0,0.0,8.0,8.0,009
9,Ciudad de México,009,Milpa Alta,158,Malacaxco,19.197931666666666,-99.06500666666666,2534,2.0,314,92.0,213.0,9.0,106,75.0,49.0,26.0,54.0,14.0,75.0,0.0,46.0,66.0,009
9,Ciudad de México,009,Milpa Alta,159,Cuatlixco,19.194846388888887,-99.06376444444444,2543,1.0,13,3.0,10.0,0.0,8,3.0,3.0,0.0,3.0,1.0,3.0,0.0,2.0,3.0,009
9,Ciudad de México,009,Milpa Alta,161,Coametzu,19.188489722222222,-99.05808416666666,2617,2.0,302,90.0,205.0,7.0,88,72.0,64.0,8.0,51.0,17.0,67.0,5.0,60.0,66.0,009
9,Ciudad de México,009,Milpa Alta,163,Cuauhtunco,19.217092777777776,-99.04512222222222,2493,2.0,260,64.0,186.0,10.0,72,67.0,25.0,42.0,50.0,29.0,63.0,4.0,25.0,60.0,009
9,Ciudad de México,009,Milpa Alta,166,La Era,19.216184444444444,-99.03681527777778,2539,1.0,7,1.0,6.0,0.0,5,3.0,0.0,3.0,3.0,0.0,3.0,0.0,0.0,0.0,009
9,Ciudad de México,009,Milpa Alta,167,Tepetenco,19.204425277777776,-99.03740277777777,2477,2.0,303,83.0,204.0,16.0,97,71.0,15.0,56.0,59.0,28.0,32.0,39.0,9.0,61.0,009
9,Ciudad de México,009,Milpa Alta,168,San Isidro Cuatepec,19.2190375,-99.0077125,2375,4.0,1063,287.0,741.0,35.0,314,277.0,54.0,223.0,227.0,81.0,254.0,23.0,54.0,254.0,009
9,Ciudad de México,009,Milpa Alta,169,Xaluis,19.184978333333333,-99.05528749999999,2623,1.0,191,57.0,127.0,7.0,55,47.0,46.0,1.0,42.0,4.0,47.0,0.0,46.0,44.0,009
9,Ciudad de México,009,Milpa Alta,171,Tepetipac,19.207047499999998,-98.99440416666667,2280,2.0,277,74.0,192.0,11.0,79,61.0,9.0,52.0,53.0,32.0,61.0,0.0,9.0,60.0,009
9,Ciudad de México,009,Milpa Alta,172,Tlatlalahuaya,19.183562777777777,-99.05428611111111,2640,1.0,48,15.0,29.0,4.0,25,13.0,11.0,2.0,5.0,2.0,12.0,1.0,11.0,11.0,009
9,Ciudad de México,009,Milpa Alta,173,Texunco (Camino Real a Tlaltenami),19.17989638888889,-99.06171527777778,2718,1.0,65,16.0,42.0,7.0,22,18.0,17.0,1.0,9.0,9.0,17.0,1.0,17.0,16.0,009
9,Ciudad de México,009,Milpa Alta,174,Mecalco (Camino al Mirador),19.1808525,-99.02020777777777,2521,1.0,232,60.0,154.0,18.0,61,56.0,18.0,38.0,51.0,18.0,55.0,1.0,18.0,52.0,009
9,Ciudad de México,009,Milpa Alta,176,Zacatonco,19.18097138888889,-99.01663777777777,2543,2.0,359,92.0,253.0,14.0,116,92.0,74.0,18.0,70.0,7.0,92.0,0.0,74.0,85.0,009
9,Ciudad de México,009,Milpa Alta,178,Xali,19.170223055555557,-99.03151777777778,2726,1.0,84,31.0,49.0,4.0,19,18.0,17.0,1.0,16.0,1.0,16.0,2.0,15.0,17.0,009
9,Ciudad de México,009,Milpa Alta,185,Zacazontlipac,19.195853888888887,-99.10516638888889,2681,2.0,363,74.0,266.0,23.0,125,110.0,16.0,94.0,107.0,34.0,110.0,0.0,16.0,110.0,009
9,Ciudad de México,009,Milpa Alta,187,Santa Catarina (Piedra Blanca),19.211234444444443,-99.07864305555555,2620,1.0,177,28.0,131.0,18.0,61,53.0,25.0,28.0,44.0,40.0,51.0,2.0,25.0,50.0,009
9,Ciudad de México,009,Milpa Alta,188,Cuauhtetec,19.194268055555554,-99.08132194444444,2693,2.0,270,69.0,192.0,9.0,79,72.0,72.0,0.0,68.0,28.0,72.0,0.0,72.0,70.0,009
9,Ciudad de México,009,Milpa Alta,189,Huitlalpa,19.192523333333334,-99.08040777777778,2699,1.0,59,18.0,38.0,3.0,19,16.0,16.0,0.0,16.0,9.0,16.0,0.0,16.0,16.0,009
9,Ciudad de México,009,Milpa Alta,191,Texcolipan,19.217532777777777,-99.05927,2561,1.0,15,2.0,12.0,1.0,5,4.0,0.0,4.0,2.0,2.0,4.0,0.0,0.0,4.0,009
9,Ciudad de México,009,Milpa Alta,192,Tetzmititla,19.20787222222222,-99.05642333333333,2572,1.0,33,8.0,24.0,1.0,17,10.0,2.0,8.0,8.0,8.0,10.0,0.0,2.0,10.0,009
9,Ciudad de México,009,Milpa Alta,195,Tlaxiomulco,19.191323055555557,-99.03830527777778,2524,1.0,143,47.0,92.0,4.0,31,28.0,14.0,14.0,26.0,3.0,28.0,0.0,14.0,24.0,009
9,Ciudad de México,009,Milpa Alta,198,Tecoloxtitla,19.181889166666668,-99.01227916666667,2517,1.0,158,42.0,112.0,4.0,58,46.0,46.0,0.0,41.0,8.0,46.0,0.0,46.0,42.0,009
9,Ciudad de México,009,Milpa Alta,199,Tapalaco (Amacapultitla),19.170320833333335,-99.00304111111112,2709,1.0,81,20.0,56.0,5.0,32,23.0,4.0,19.0,21.0,3.0,16.0,7.0,3.0,17.0,009
9,Ciudad de México,009,Milpa Alta,200,Teacalco,19.1992175,-99.06105861111111,2489,1.0,25,8.0,16.0,1.0,7,5.0,5.0,0.0,4.0,0.0,5.0,0.0,5.0,5.0,009
9,Ciudad de México,009,Milpa Alta,202,Cuauhzontlipan,19.213716388888887,-99.06239666666666,2585,1.0,103,26.0,72.0,5.0,33,26.0,24.0,2.0,16.0,4.0,26.0,0.0,24.0,26.0,009
9,Ciudad de México,009,Milpa Alta,203,Huepaltepec,19.21248361111111,-99.07385,2602,1.0,74,22.0,51.0,1.0,27,22.0,4.0,18.0,20.0,11.0,21.0,1.0,4.0,22.0,009
9,Ciudad de México,009,Milpa Alta,204,Mecatlán (Rancho el Refugio),19.210102777777777,-99.08368083333333,2631,1.0,61,15.0,43.0,3.0,26,16.0,12.0,4.0,13.0,16.0,15.0,1.0,12.0,16.0,009
9,Ciudad de México,009,Milpa Alta,205,Tecupilco (Kilómetro 17.5),19.218289444444444,-99.05071583333333,2438,1.0,124,36.0,82.0,6.0,41,33.0,33.0,0.0,29.0,7.0,33.0,0.0,33.0,31.0,009
9,Ciudad de México,009,Milpa Alta,206,Xaxalpa,19.216636944444442,-99.04940944444444,2443,1.0,141,29.0,106.0,6.0,49,40.0,36.0,4.0,34.0,14.0,38.0,2.0,34.0,33.0,009
9,Ciudad de México,009,Milpa Alta,207,Xaltepetitla,19.215639166666666,-99.04361083333333,2479,1.0,61,10.0,48.0,3.0,23,18.0,4.0,14.0,16.0,6.0,17.0,1.0,4.0,17.0,009
9,Ciudad de México,009,Milpa Alta,208,Tetecolok,19.212666944444443,-99.05412444444444,2562,1.0,88,23.0,62.0,3.0,43,25.0,2.0,23.0,24.0,9.0,25.0,0.0,2.0,24.0,009
9,Ciudad de México,009,Milpa Alta,210,Santa Rosa,19.22582861111111,-99.00321944444444,2339,1.0,187,60.0,116.0,11.0,44,44.0,9.0,35.0,31.0,24.0,41.0,3.0,9.0,39.0,009
9,Ciudad de México,009,Milpa Alta,211,Olla de Piedra,19.224285555555554,-99.00313888888888,2326,1.0,126,32.0,89.0,5.0,34,29.0,18.0,11.0,26.0,15.0,29.0,0.0,18.0,27.0,009
9,Ciudad de México,009,Milpa Alta,213,El Zapote (Techultepec),19.211290833333333,-99.00528333333334,2321,1.0,66,25.0,40.0,1.0,15,14.0,3.0,11.0,13.0,0.0,13.0,1.0,3.0,12.0,009
9,Ciudad de México,009,Milpa Alta,214,Maxulco (Barrio Cruztitla),19.20936638888889,-99.00343583333333,2313,1.0,222,61.0,149.0,12.0,80,62.0,38.0,24.0,60.0,49.0,62.0,0.0,38.0,62.0,009
9,Ciudad de México,009,Milpa Alta,215,Tecoxpa (El Pirul),19.20701777777778,-99.01055861111111,2358,1.0,11,4.0,6.0,1.0,7,4.0,4.0,0.0,4.0,0.0,4.0,0.0,4.0,4.0,009
9,Ciudad de México,009,Milpa Alta,216,Santa Martha Cosalan,19.203540555555556,-99.02342694444444,2387,1.0,98,27.0,61.0,10.0,28,24.0,14.0,10.0,22.0,5.0,23.0,1.0,13.0,17.0,009
9,Ciudad de México,009,Milpa Alta,217,Zacuaztitla,19.20291472222222,-98.98290055555556,2302,2.0,413,118.0,281.0,14.0,125,97.0,8.0,89.0,79.0,29.0,91.0,6.0,8.0,93.0,009
9,Ciudad de México,009,Milpa Alta,219,Omaxa,19.184651388888888,-99.09427916666667,2855,1.0,191,51.0,133.0,7.0,52,46.0,5.0,41.0,41.0,5.0,46.0,0.0,5.0,45.0,009
9,Ciudad de México,009,Milpa Alta,222,Ahuatitla (Ixmatunco),19.18498,-99.08204055555555,2802,1.0,47,13.0,33.0,1.0,17,13.0,4.0,9.0,12.0,0.0,11.0,2.0,4.0,12.0,009
9,Ciudad de México,009,Milpa Alta,223,Texacazintla (Xacalixpa),19.177914166666667,-99.07878111111111,2867,1.0,111,30.0,76.0,5.0,37,29.0,16.0,13.0,25.0,8.0,25.0,4.0,15.0,26.0,009
9,Ciudad de México,009,Milpa Alta,224,Chichilesca,19.177102222222224,-99.06767416666666,2792,1.0,207,55.0,142.0,10.0,65,49.0,3.0,46.0,39.0,9.0,48.0,1.0,3.0,43.0,009
9,Ciudad de México,009,Milpa Alta,226,Calle Capulines,19.1977775,-99.05922111111111,2504,1.0,13,1.0,10.0,2.0,6,5.0,5.0,0.0,5.0,0.0,5.0,0.0,5.0,4.0,009
9,Ciudad de México,009,Milpa Alta,227,Temalacatl,19.19474222222222,-99.05757194444445,2534,1.0,46,17.0,29.0,0.0,17,11.0,11.0,0.0,11.0,0.0,11.0,0.0,11.0,11.0,009
9,Ciudad de México,009,Milpa Alta,228,Temoayan,19.19656,-99.05680833333334,2511,1.0,12,0.0,12.0,0.0,5,3.0,3.0,0.0,3.0,2.0,3.0,0.0,3.0,3.0,009
9,Ciudad de México,009,Milpa Alta,229,Prolongación Xolotl,19.19323222222222,-99.05578361111111,2548,1.0,20,8.0,12.0,0.0,11,4.0,3.0,1.0,4.0,1.0,4.0,0.0,3.0,4.0,009
9,Ciudad de México,009,Milpa Alta,233,Las Cruces Parte Alta (Tehuepanco),19.17451638888889,-99.03973638888888,2700,1.0,166,43.0,111.0,12.0,54,42.0,41.0,1.0,32.0,4.0,42.0,0.0,41.0,40.0,009
9,Ciudad de México,009,Milpa Alta,234,Cuacualipa,19.17062888888889,-99.03425916666666,2717,1.0,36,7.0,29.0,0.0,15,12.0,8.0,4.0,8.0,2.0,8.0,4.0,6.0,9.0,009
9,Ciudad de México,009,Milpa Alta,235,Tehuistitla,19.170215555555558,-99.03808916666667,2726,1.0,88,30.0,57.0,1.0,27,24.0,24.0,0.0,20.0,2.0,24.0,0.0,24.0,23.0,009
9,Ciudad de México,009,Milpa Alta,236,Cuaxaltepec,19.16759916666667,-99.03690944444445,2767,1.0,10,2.0,6.0,2.0,3,3.0,0.0,3.0,3.0,0.0,3.0,0.0,0.0,3.0,009
9,Ciudad de México,009,Milpa Alta,239,Tecpallo,19.197178333333333,-98.99061972222222,2383,1.0,70,15.0,52.0,3.0,32,21.0,21.0,0.0,20.0,3.0,21.0,0.0,21.0,21.0,009
9,Ciudad de México,009,Milpa Alta,241,Loma Bonita,19.17447527777778,-98.98800166666666,2601,1.0,64,14.0,49.0,1.0,18,18.0,14.0,4.0,16.0,2.0,17.0,1.0,13.0,13.0,009
9,Ciudad de México,009,Milpa Alta,242,Cuacuahotlipa,19.168303333333334,-98.98715833333334,2657,2.0,300,79.0,209.0,12.0,84,78.0,66.0,12.0,68.0,25.0,75.0,3.0,63.0,75.0,009
9,Ciudad de México,009,Milpa Alta,243,Nacatulatlaxco,19.167273055555558,-98.99164194444444,2663,1.0,20,5.0,12.0,3.0,7,6.0,5.0,0.0,4.0,1.0,5.0,0.0,5.0,4.0,009
9,Ciudad de México,009,Milpa Alta,244,Tlacoxpa (Teshutla),19.165397499999997,-98.98952222222222,2665,1.0,31,7.0,22.0,2.0,8,7.0,5.0,2.0,6.0,2.0,7.0,0.0,5.0,7.0,009
9,Ciudad de México,009,Milpa Alta,245,Citlalcuac (Rancho el Paraíso Perdido),19.20029222222222,-99.09566388888888,2654,1.0,114,44.0,69.0,1.0,30,25.0,23.0,2.0,24.0,9.0,25.0,0.0,23.0,24.0,009
9,Ciudad de México,009,Milpa Alta,246,Atoctenco (Prolongación Niños Héroes),19.20003583333333,-99.0867036111111,2630,1.0,140,38.0,95.0,7.0,47,41.0,25.0,16.0,39.0,16.0,37.0,4.0,24.0,36.0,009
9,Ciudad de México,009,Milpa Alta,248,Paraje Huicalco,19.210150277777778,-99.06014166666667,2580,1.0,111,27.0,79.0,5.0,35,31.0,28.0,3.0,24.0,14.0,31.0,0.0,28.0,31.0,009
9,Ciudad de México,009,Milpa Alta,249,Los Aguilar,19.206346944444444,-99.07646666666666,2647,1.0,11,0.0,7.0,4.0,6,6.0,6.0,0.0,6.0,6.0,6.0,0.0,6.0,6.0,009
9,Ciudad de México,009,Milpa Alta,250,Tetexaloca,19.188661944444444,-99.06150333333333,2626,1.0,25,5.0,20.0,0.0,11,7.0,7.0,0.0,6.0,1.0,7.0,0.0,7.0,7.0,009
9,Ciudad de México,009,Milpa Alta,251,Prolongación Justo Sierra,19.201325555555556,-99.05858694444444,2469,1.0,48,12.0,34.0,2.0,19,13.0,13.0,0.0,12.0,4.0,13.0,0.0,13.0,13.0,009
9,Ciudad de México,009,Milpa Alta,252,Acatlahuco,19.18103166666667,-99.06217333333333,2704,1.0,95,18.0,76.0,1.0,29,26.0,3.0,23.0,16.0,9.0,25.0,1.0,3.0,22.0,009
9,Ciudad de México,009,Milpa Alta,253,Xalmoyo,19.186270833333335,-99.09838416666666,2830,1.0,95,25.0,65.0,5.0,28,24.0,3.0,21.0,24.0,6.0,24.0,0.0,3.0,24.0,009
9,Ciudad de México,009,Milpa Alta,254,Oluca,19.194220277777777,-99.10305583333333,2713,2.0,367,86.0,269.0,12.0,127,96.0,16.0,79.0,69.0,40.0,92.0,3.0,15.0,91.0,009
9,Ciudad de México,009,Milpa Alta,256,Tlalcoxtepec,19.2002475,-99.08248666666667,2598,1.0,221,65.0,149.0,7.0,80,63.0,30.0,33.0,59.0,14.0,63.0,0.0,29.0,63.0,009
9,Ciudad de México,009,Milpa Alta,257,Camino Viejo a Santa Cruz,19.21197722222222,-99.06728361111111,2573,1.0,78,29.0,48.0,1.0,38,19.0,18.0,1.0,12.0,4.0,19.0,0.0,18.0,19.0,009
9,Ciudad de México,009,Milpa Alta,264,Panuca (Cuatexoxoco),19.165838055555554,-98.99531611111111,2730,1.0,49,11.0,35.0,3.0,16,15.0,5.0,10.0,12.0,1.0,13.0,2.0,5.0,10.0,009
9,Ciudad de México,009,Milpa Alta,265,Tlaltepec (Tlacoxtepec),19.185645,-99.00603,2471,1.0,107,18.0,86.0,3.0,48,34.0,31.0,3.0,32.0,9.0,34.0,0.0,31.0,26.0,009
9,Ciudad de México,009,Milpa Alta,266,Chimeo (Las Palmas),19.222076388888887,-99.01025888888888,2425,1.0,146,44.0,93.0,9.0,35,33.0,3.0,30.0,30.0,10.0,29.0,4.0,3.0,24.0,009
9,Ciudad de México,009,Milpa Alta,268,Moxala,19.20730777777778,-99.01449333333333,2381,1.0,161,53.0,102.0,6.0,40,35.0,12.0,23.0,31.0,11.0,35.0,0.0,12.0,30.0,009
9,Ciudad de México,009,Milpa Alta,269,El Cerrito,19.211314722222223,-98.98852277777777,2257,1.0,236,67.0,162.0,7.0,75,54.0,54.0,0.0,51.0,12.0,54.0,0.0,54.0,54.0,009
9,Ciudad de México,009,Milpa Alta,271,San Miguel (Tecoxomayehualtitla),19.167134444444446,-99.00562027777778,2781,1.0,34,7.0,27.0,0.0,11,11.0,0.0,11.0,11.0,0.0,11.0,0.0,0.0,4.0,009
9,Ciudad de México,009,Milpa Alta,274,Tlalmanco (Prolongación Benito Juárez),19.16446611111111,-98.99867194444444,2781,1.0,12,5.0,7.0,0.0,6,3.0,0.0,3.0,3.0,0.0,0.0,3.0,0.0,0.0,009
9,Ciudad de México,009,Milpa Alta,275,Tlalcocomoya,19.172182777777778,-99.043665,2757,1.0,38,11.0,25.0,2.0,15,10.0,10.0,0.0,8.0,1.0,10.0,0.0,10.0,9.0,009
9,Ciudad de México,009,Milpa Alta,276,Paraje Tatazquiopa,19.171589166666667,-99.04479888888889,2768,1.0,27,9.0,17.0,1.0,9,8.0,3.0,5.0,4.0,0.0,8.0,0.0,3.0,4.0,009
9,Ciudad de México,009,Milpa Alta,277,Atoctenco,19.21565638888889,-99.04792277777777,2457,3.0,546,144.0,373.0,29.0,155,123.0,115.0,8.0,91.0,9.0,121.0,2.0,113.0,117.0,009
9,Ciudad de México,009,Milpa Alta,278,Tecamac,19.1930075,-99.03384972222221,2477,1.0,63,20.0,39.0,4.0,14,12.0,12.0,0.0,10.0,2.0,12.0,0.0,12.0,10.0,009
9,Ciudad de México,009,Milpa Alta,280,Teutlalpa,19.21035111111111,-99.05732222222223,2569,1.0,11,5.0,5.0,1.0,4,3.0,2.0,1.0,2.0,3.0,3.0,0.0,2.0,3.0,009
9,Ciudad de México,009,Milpa Alta,281,Zihuantemohuayan,19.21393833333333,-99.05745972222222,2577,1.0,27,7.0,16.0,4.0,20,8.0,2.0,6.0,8.0,7.0,8.0,0.0,2.0,8.0,009
9,Ciudad de México,009,Milpa Alta,282,Las Abejas,19.20914388888889,-99.0759486111111,2623,1.0,20,6.0,12.0,2.0,5,5.0,2.0,3.0,3.0,4.0,4.0,1.0,2.0,4.0,009
9,Ciudad de México,009,Milpa Alta,283,Tlatzala,19.21038722222222,-99.05452916666667,2520,1.0,50,19.0,31.0,0.0,13,11.0,3.0,8.0,10.0,7.0,11.0,0.0,3.0,11.0,009
9,Ciudad de México,009,Milpa Alta,284,Tetzompa,19.206005555555556,-99.013555,2368,1.0,66,18.0,46.0,2.0,19,14.0,14.0,0.0,14.0,2.0,14.0,0.0,14.0,13.0,009
9,Ciudad de México,009,Milpa Alta,285,Tuzanco (La Joya),19.2012225,-99.0882975,2619,2.0,351,86.0,255.0,10.0,113,91.0,53.0,38.0,79.0,28.0,86.0,5.0,50.0,82.0,009
9,Ciudad de México,009,Milpa Alta,288,Tlacopanco,19.193130555555555,-99.07092638888888,2618,1.0,59,16.0,43.0,0.0,24,15.0,14.0,1.0,11.0,0.0,15.0,0.0,14.0,14.0,009
9,Ciudad de México,009,Milpa Alta,289,Pixucaltitla,19.192575555555557,-99.07219916666666,2629,1.0,72,32.0,40.0,0.0,18,13.0,13.0,0.0,12.0,0.0,13.0,0.0,13.0,13.0,009
9,Ciudad de México,009,Milpa Alta,291,Kilómetro 24,19.177716944444445,-99.02007027777778,2601,1.0,21,8.0,13.0,0.0,4,4.0,1.0,3.0,4.0,0.0,4.0,0.0,1.0,4.0,009
9,Ciudad de México,009,Milpa Alta,292,Joyas Parte Alta,19.207620833333333,-98.99168,2268,3.0,591,159.0,411.0,21.0,208,156.0,104.0,52.0,130.0,72.0,155.0,1.0,103.0,153.0,009
9,Ciudad de México,009,Milpa Alta,297,San Antonio Cuilotepec,19.184409722222224,-99.09152555555555,2872,2.0,390,108.0,271.0,11.0,116,91.0,13.0,78.0,79.0,21.0,90.0,1.0,13.0,84.0,009
9,Ciudad de México,009,Milpa Alta,300,San Nicolás Tetelco,19.208455,-98.97056083333334,2259,5.0,4078,1055.0,2749.0,274.0,1100,1008.0,995.0,9.0,810.0,75.0,1001.0,3.0,992.0,991.0,009
9,Ciudad de México,009,Milpa Alta,301,El Tejocote,19.203725555555554,-98.97025416666666,2285,1.0,86,17.0,62.0,7.0,40,26.0,24.0,2.0,21.0,3.0,25.0,1.0,23.0,24.0,009
9,Ciudad de México,009,Milpa Alta,303,Arboledas,19.209614166666665,-98.98083555555556,2252,1.0,183,53.0,119.0,11.0,51,45.0,45.0,0.0,25.0,6.0,45.0,0.0,45.0,45.0,009
9,Ciudad de México,009,Milpa Alta,304,Emiliano Zapata (Camino al Cerro),19.20556472222222,-98.97220083333333,2267,1.0,45,18.0,27.0,0.0,13,10.0,8.0,2.0,4.0,0.0,5.0,5.0,4.0,9.0,009
9,Ciudad de México,009,Milpa Alta,305,Corraltitla,19.202569444444443,-99.02030388888889,2381,1.0,166,40.0,123.0,3.0,46,39.0,21.0,18.0,34.0,15.0,39.0,0.0,21.0,31.0,009
9,Ciudad de México,009,Milpa Alta,306,Tepanoco,19.204428888888888,-99.01851305555556,2388,1.0,33,11.0,19.0,3.0,9,7.0,5.0,2.0,7.0,2.0,7.0,0.0,5.0,7.0,009
9,Ciudad de México,009,Milpa Alta,310,Santa Martha Xolco,19.205034722222223,-99.03074333333333,2412,1.0,58,20.0,38.0,0.0,22,13.0,5.0,8.0,12.0,4.0,8.0,5.0,4.0,8.0,009
9,Ciudad de México,009,Milpa Alta,312,Tepetitla (Villa Hermosa),19.19782777777778,-99.03579472222222,2432,1.0,27,5.0,20.0,2.0,7,7.0,1.0,6.0,4.0,1.0,7.0,0.0,1.0,7.0,009
9,Ciudad de México,009,Milpa Alta,313,Totoxhpa (Cerrada Culiacán),19.192716944444445,-99.0323725,2461,1.0,17,5.0,12.0,0.0,6,4.0,4.0,0.0,4.0,0.0,4.0,0.0,4.0,2.0,009
9,Ciudad de México,009,Milpa Alta,314,Belizario Domínguez,19.203388888888888,-99.00844694444444,2317,1.0,182,38.0,131.0,13.0,61,48.0,39.0,9.0,41.0,13.0,46.0,2.0,39.0,38.0,009
9,Ciudad de México,009,Milpa Alta,315,Nuchtla,19.20661611111111,-99.04456527777778,2469,3.0,512,127.0,367.0,18.0,160,114.0,107.0,7.0,93.0,40.0,114.0,0.0,107.0,108.0,009
9,Ciudad de México,009,Milpa Alta,316,Tehuizco,19.21165472222222,-99.04340055555555,2485,2.0,301,80.0,213.0,8.0,90,70.0,63.0,7.0,63.0,30.0,70.0,0.0,63.0,65.0,009
9,Ciudad de México,009,Milpa Alta,317,Axayatipac,19.210336666666667,-99.04652333333333,2448,1.0,230,68.0,152.0,10.0,68,57.0,57.0,0.0,49.0,7.0,57.0,0.0,57.0,53.0,009
9,Ciudad de México,009,Milpa Alta,318,Ayotepec,19.206304166666666,-99.04011638888889,2478,1.0,105,18.0,73.0,14.0,39,28.0,7.0,21.0,22.0,9.0,26.0,2.0,7.0,25.0,009
9,Ciudad de México,009,Milpa Alta,319,Ochpantenco,19.17164027777778,-99.03546138888889,2699,1.0,66,19.0,43.0,4.0,18,18.0,17.0,1.0,15.0,2.0,18.0,0.0,17.0,15.0,009
9,Ciudad de México,009,Milpa Alta,321,La Virgen,19.21113,-99.05085583333333,2489,1.0,13,3.0,7.0,3.0,4,4.0,4.0,0.0,4.0,0.0,4.0,0.0,4.0,3.0,009
9,Ciudad de México,009,Milpa Alta,322,Matlahuacaloca,19.20738722222222,-99.05020583333334,2490,2.0,251,60.0,179.0,12.0,75,65.0,24.0,41.0,61.0,23.0,62.0,3.0,22.0,63.0,009
9,Ciudad de México,009,Milpa Alta,323,Tula (Huixtotlazintla),19.20445638888889,-99.05278305555555,2439,1.0,129,34.0,83.0,12.0,28,28.0,27.0,1.0,25.0,12.0,28.0,0.0,26.0,28.0,009
9,Ciudad de México,009,Milpa Alta,326,Tlatlapantunco,19.196514722222222,-99.04616638888889,2525,1.0,17,5.0,12.0,0.0,7,3.0,1.0,2.0,3.0,1.0,3.0,0.0,1.0,3.0,009
9,Ciudad de México,009,Milpa Alta,328,San Agustín,19.18308138888889,-99.01829611111111,2495,1.0,72,21.0,48.0,3.0,26,20.0,19.0,1.0,17.0,5.0,20.0,0.0,19.0,19.0,009
9,Ciudad de México,009,Milpa Alta,332,Los Angeles,19.18140777777778,-99.02588583333333,2523,1.0,29,10.0,19.0,0.0,8,7.0,4.0,3.0,7.0,3.0,6.0,1.0,4.0,5.0,009
9,Ciudad de México,009,Milpa Alta,333,Tezontlipac (San Lorenzo Tlacoyucan),19.1806875,-99.02834166666666,2544,1.0,31,5.0,25.0,1.0,7,6.0,6.0,0.0,5.0,3.0,6.0,0.0,6.0,6.0,009
9,Ciudad de México,009,Milpa Alta,337,Tlalzonco,19.17204638888889,-99.02762055555556,2691,1.0,41,13.0,28.0,0.0,11,10.0,10.0,0.0,9.0,1.0,10.0,0.0,10.0,9.0,009
9,Ciudad de México,009,Milpa Alta,338,Temazcaltitla,19.17257027777778,-99.02833777777778,2679,1.0,71,23.0,47.0,1.0,20,15.0,14.0,1.0,12.0,1.0,15.0,0.0,14.0,13.0,009
9,Ciudad de México,009,Milpa Alta,340,Chautonco,19.175698055555557,-99.02710166666667,2626,1.0,133,33.0,89.0,11.0,39,36.0,33.0,3.0,33.0,8.0,34.0,2.0,33.0,34.0,009
9,Ciudad de México,009,Milpa Alta,341,Texotitla,19.189676666666667,-99.09927944444443,2788,1.0,20,8.0,12.0,0.0,7,7.0,2.0,5.0,6.0,1.0,7.0,0.0,2.0,7.0,009
9,Ciudad de México,009,Milpa Alta,342,Coatepec,19.186144444444444,-99.09595388888889,2824,1.0,121,33.0,83.0,5.0,31,28.0,2.0,26.0,24.0,1.0,28.0,0.0,2.0,24.0,009
9,Ciudad de México,009,Milpa Alta,344,Ocotitla (Barrio de Santa Cruz),19.207557777777776,-99.0196325,2407,1.0,74,21.0,49.0,4.0,21,18.0,2.0,16.0,16.0,7.0,17.0,1.0,2.0,10.0,009
9,Ciudad de México,009,Milpa Alta,345,Teuhtli,19.223392777777775,-99.0065063888889,2366,1.0,46,17.0,29.0,0.0,10,10.0,4.0,6.0,9.0,2.0,10.0,0.0,4.0,10.0,009
9,Ciudad de México,009,Milpa Alta,347,Xochiatlaco,19.185084166666666,-99.00197694444445,2471,1.0,21,7.0,12.0,2.0,9,5.0,5.0,0.0,3.0,0.0,5.0,0.0,5.0,2.0,009
9,Ciudad de México,009,Milpa Alta,348,Huacaltunco,19.18288916666667,-99.00320888888889,2509,1.0,65,14.0,49.0,2.0,27,19.0,19.0,0.0,17.0,0.0,9.0,10.0,9.0,19.0,009
9,Ciudad de México,009,Milpa Alta,351,Tlahuiztpa,19.171140555555557,-99.00533861111111,2713,1.0,129,43.0,80.0,6.0,41,34.0,4.0,30.0,32.0,1.0,34.0,0.0,4.0,30.0,009
9,Ciudad de México,009,Milpa Alta,352,Zacacali,19.182853333333334,-99.05759444444445,2667,1.0,76,21.0,53.0,2.0,25,20.0,20.0,0.0,20.0,7.0,20.0,0.0,20.0,20.0,009
9,Ciudad de México,009,Milpa Alta,354,Camino Viejo a Tlaltenamic,19.18520388888889,-99.04366,2649,1.0,87,33.0,51.0,3.0,31,21.0,17.0,4.0,21.0,4.0,21.0,0.0,17.0,16.0,009
9,Ciudad de México,009,Milpa Alta,355,Joyas del Pedregal,19.176574444444444,-98.98713000000001,2578,1.0,51,16.0,31.0,4.0,23,16.0,16.0,0.0,15.0,2.0,14.0,2.0,14.0,11.0,009
9,Ciudad de México,009,Milpa Alta,356,Los Romero,19.15839111111111,-98.99351416666667,2822,1.0,20,5.0,13.0,2.0,11,7.0,0.0,7.0,4.0,0.0,6.0,1.0,0.0,2.0,009
9,Ciudad de México,009,Milpa Alta,358,Don Diegoco,19.2128175,-98.98951138888889,2257,1.0,29,6.0,21.0,2.0,15,9.0,9.0,0.0,7.0,2.0,9.0,0.0,9.0,9.0,009
9,Ciudad de México,009,Milpa Alta,359,Apilintitla,19.212001944444445,-99.06278611111111,2579,1.0,51,9.0,39.0,3.0,13,10.0,9.0,1.0,7.0,5.0,10.0,0.0,9.0,10.0,009
9,Ciudad de México,009,Milpa Alta,360,Atlahuitonca,19.196433055555556,-98.99396083333333,2346,1.0,98,19.0,77.0,2.0,44,33.0,33.0,0.0,33.0,2.0,33.0,0.0,33.0,30.0,009
9,Ciudad de México,009,Milpa Alta,361,Xilozuchitl,19.194826111111112,-99.07287916666667,2602,1.0,70,23.0,45.0,2.0,18,15.0,15.0,0.0,9.0,2.0,15.0,0.0,15.0,15.0,009
9,Ciudad de México,009,Milpa Alta,362,Tenco,19.190689722222224,-99.06898055555556,2627,1.0,13,5.0,8.0,0.0,5,4.0,4.0,0.0,4.0,3.0,4.0,0.0,4.0,4.0,009
9,Ciudad de México,009,Milpa Alta,363,Xonacatepec,19.200626666666665,-98.99364166666666,2318,1.0,30,11.0,18.0,1.0,8,7.0,7.0,0.0,5.0,2.0,6.0,1.0,6.0,5.0,009
9,Ciudad de México,009,Milpa Alta,364,Xicalhuacan,19.2016425,-98.99676,2302,1.0,43,12.0,26.0,5.0,25,16.0,16.0,0.0,11.0,4.0,15.0,1.0,14.0,13.0,009
9,Ciudad de México,009,Milpa Alta,365,Ixotitla,19.183136944444446,-99.082065,2829,1.0,37,8.0,26.0,3.0,17,11.0,3.0,8.0,9.0,1.0,10.0,1.0,3.0,7.0,009
9,Ciudad de México,009,Milpa Alta,366,Xaltenco,19.201088055555555,-99.03704833333333,2449,1.0,14,2.0,11.0,1.0,5,5.0,5.0,0.0,5.0,1.0,5.0,0.0,5.0,5.0,009
9,Ciudad de México,009,Milpa Alta,367,Tlaquexpa,19.201170555555557,-99.09375305555555,2675,1.0,32,7.0,23.0,2.0,14,9.0,9.0,0.0,8.0,2.0,9.0,0.0,9.0,9.0,009
9,Ciudad de México,009,Milpa Alta,369,Encinos,19.20678388888889,-99.015915,2393,1.0,10,5.0,5.0,0.0,6,3.0,0.0,3.0,3.0,0.0,3.0,0.0,0.0,3.0,009
9,Ciudad de México,009,Milpa Alta,370,Tehuehuec,19.208542777777776,-99.0235286111111,2421,1.0,18,3.0,15.0,0.0,8,7.0,0.0,7.0,3.0,2.0,6.0,1.0,0.0,1.0,009
9,Ciudad de México,009,Milpa Alta,371,Tlalaxco,19.217623611111108,-99.04650805555555,2473,1.0,105,35.0,69.0,1.0,46,31.0,29.0,2.0,22.0,9.0,28.0,3.0,27.0,28.0,009
9,Ciudad de México,009,Milpa Alta,372,Apetatita,19.192571944444445,-99.07592416666667,2654,1.0,89,28.0,57.0,4.0,21,18.0,15.0,3.0,17.0,4.0,18.0,0.0,15.0,18.0,009
9,Ciudad de México,009,Milpa Alta,373,Texali,19.193593055555557,-99.0767586111111,2643,1.0,67,20.0,45.0,2.0,27,21.0,21.0,0.0,19.0,2.0,21.0,0.0,21.0,21.0,009
9,Ciudad de México,009,Milpa Alta,374,Xilutepec,19.19209,-98.99115583333334,2399,1.0,46,14.0,31.0,1.0,18,13.0,13.0,0.0,13.0,0.0,13.0,0.0,13.0,13.0,009
9,Ciudad de México,009,Milpa Alta,380,Texico,19.18052388888889,-99.05115388888889,2671,1.0,21,6.0,12.0,3.0,6,6.0,5.0,1.0,6.0,0.0,6.0,0.0,5.0,5.0,009
9,Ciudad de México,009,Milpa Alta,384,Acopilipan,19.17528777777778,-99.04595305555556,2728,1.0,32,8.0,23.0,1.0,9,9.0,5.0,4.0,5.0,0.0,6.0,3.0,3.0,4.0,009
9,Ciudad de México,009,Milpa Alta,385,Hueyitlatile,19.17117,-99.00876222222222,2736,1.0,9,2.0,6.0,1.0,3,3.0,0.0,3.0,3.0,0.0,3.0,0.0,0.0,2.0,009
9,Ciudad de México,009,Milpa Alta,388,La Purísima,19.183161944444446,-99.03826972222222,2593,1.0,77,19.0,56.0,2.0,24,17.0,17.0,0.0,17.0,5.0,17.0,0.0,17.0,16.0,009
9,Ciudad de México,009,Milpa Alta,389,Atempa,19.179829722222223,-99.06444972222222,2736,1.0,33,8.0,24.0,1.0,8,8.0,2.0,6.0,5.0,1.0,7.0,1.0,2.0,7.0,009
9,Ciudad de México,009,Milpa Alta,390,Tlacuitlaya,19.201937777777776,-99.05938138888888,2509,1.0,17,6.0,9.0,2.0,4,4.0,3.0,1.0,4.0,0.0,4.0,0.0,3.0,4.0,009
9,Ciudad de México,009,Milpa Alta,391,Cruz Tlaltempa,19.202924444444445,-99.06166916666666,2564,1.0,31,10.0,18.0,3.0,8,7.0,6.0,1.0,5.0,0.0,7.0,0.0,6.0,6.0,009
9,Ciudad de México,009,Milpa Alta,392,Ahuatitla (El Tecorral),19.191050833333332,-99.06083944444444,2587,1.0,83,20.0,59.0,4.0,29,20.0,18.0,2.0,16.0,8.0,20.0,0.0,18.0,20.0,009
9,Ciudad de México,009,Milpa Alta,395,Cuapetzayuca,19.171334722222223,-99.080585,2955,1.0,17,2.0,14.0,1.0,6,6.0,0.0,6.0,5.0,0.0,4.0,2.0,0.0,4.0,009
9,Ciudad de México,009,Milpa Alta,403,Memeyuca,19.180496666666667,-99.09361444444444,2925,1.0,6,0.0,4.0,2.0,5,3.0,1.0,2.0,3.0,1.0,3.0,0.0,1.0,2.0,009
9,Ciudad de México,009,Milpa Alta,407,Papalocahuitl,19.189381666666666,-99.1051886111111,2771,1.0,37,14.0,23.0,0.0,7,6.0,0.0,6.0,4.0,1.0,4.0,2.0,0.0,5.0,009
9,Ciudad de México,009,Milpa Alta,410,Tlaltelpampa,19.215831944444442,-99.05591722222222,2566,1.0,10,1.0,9.0,0.0,3,3.0,2.0,1.0,3.0,3.0,3.0,0.0,1.0,3.0,009
9,Ciudad de México,009,Milpa Alta,413,Tepecuescotitla (San Antonio),19.20988472222222,-99.06245555555556,2579,1.0,28,7.0,18.0,3.0,12,9.0,9.0,0.0,8.0,0.0,9.0,0.0,9.0,9.0,009
9,Ciudad de México,009,Milpa Alta,414,La Lupita Tlacotenco,19.1851825,-98.99014472222223,2501,1.0,11,3.0,7.0,1.0,5,3.0,2.0,1.0,2.0,1.0,2.0,1.0,1.0,3.0,009
9,Ciudad de México,009,Milpa Alta,415,Cristo Rey (Emiliano Zapata),19.205284444444445,-99.00252916666666,2305,1.0,132,31.0,95.0,6.0,45,38.0,36.0,2.0,29.0,6.0,37.0,1.0,35.0,37.0,009
9,Ciudad de México,010,Álvaro Obregón,1,Álvaro Obregón,19.39080611111111,-99.19541333333333,2309,13.0,759003,136014.0,538357.0,83809.0,236094,219322.0,218322.0,407.0,178158.0,69658.0,218455.0,213.0,218050.0,218323.0,010
9,Ciudad de México,010,Álvaro Obregón,213,Ojo de Agua,19.301920833333334,-99.27463805555556,2865,1.0,63,24.0,37.0,2.0,12,12.0,12.0,0.0,11.0,4.0,12.0,0.0,12.0,12.0,010
9,Ciudad de México,010,Álvaro Obregón,214,Camino a la Bandera,19.321635833333332,-99.2731111111111,2820,1.0,12,2.0,10.0,0.0,5,4.0,0.0,4.0,4.0,0.0,2.0,2.0,0.0,2.0,010
9,Ciudad de México,010,Álvaro Obregón,215,Tiximaloya,19.312642222222223,-99.27654333333334,2882,1.0,3,0.0,3.0,0.0,3,3.0,0.0,3.0,3.0,0.0,0.0,3.0,0.0,0.0,010
9,Ciudad de México,010,Álvaro Obregón,216,El Ermitaño (Paraje el Chipil),19.301086944444446,-99.26998388888889,2773,1.0,47,12.0,34.0,1.0,10,9.0,9.0,0.0,6.0,0.0,9.0,0.0,9.0,9.0,010
9,Ciudad de México,010,Álvaro Obregón,217,Texcalatlaco,19.31773722222222,-99.27448749999999,2814,1.0,5,0.0,5.0,0.0,4,3.0,0.0,3.0,1.0,1.0,1.0,2.0,0.0,2.0,010
9,Ciudad de México,011,Tláhuac,1,Tláhuac,19.270566388888888,-99.0048461111111,2250,12.0,323771,67992.0,230764.0,24894.0,98856,89429.0,88384.0,860.0,74705.0,43833.0,89097.0,146.0,88232.0,88914.0,011
9,Ciudad de México,011,Tláhuac,11,San Andrés Mixquic,19.22477861111111,-98.96494444444444,2240,7.0,13910,3057.0,9678.0,1159.0,3525,3191.0,3159.0,24.0,2411.0,626.0,3169.0,14.0,3145.0,3133.0,011
9,Ciudad de México,011,Tláhuac,21,San Juan Ixtayopan,19.240896111111113,-98.99559666666667,2238,8.0,28027,6155.0,19791.0,2081.0,8402,7361.0,7299.0,32.0,6602.0,1881.0,7313.0,18.0,7280.0,7278.0,011
9,Ciudad de México,011,Tláhuac,24,San Nicolás Tetelco,19.21758611111111,-98.97272527777778,2242,5.0,4919,1201.0,3398.0,320.0,1474,1290.0,1276.0,11.0,1023.0,206.0,1285.0,2.0,1271.0,1264.0,011
9,Ciudad de México,011,Tláhuac,26,Santa Catarina Yecahuitzotl,19.30896138888889,-98.96857861111111,2263,7.0,11644,2710.0,8081.0,845.0,3610,3085.0,3054.0,24.0,2783.0,1620.0,3067.0,11.0,3043.0,3056.0,011
9,Ciudad de México,011,Tláhuac,69,San Miguel,19.22120861111111,-98.95845777777778,2236,1.0,221,54.0,163.0,4.0,57,53.0,53.0,0.0,26.0,5.0,53.0,0.0,53.0,52.0,011
9,Ciudad de México,011,Tláhuac,71,Tabla los Pozos,19.281770555555553,-98.98673638888889,2230,2.0,301,75.0,217.0,9.0,85,70.0,25.0,45.0,44.0,7.0,54.0,16.0,21.0,63.0,011
9,Ciudad de México,011,Tláhuac,72,Mesita del Capulín,19.307450555555555,-98.98120861111111,2270,1.0,125,36.0,88.0,1.0,44,32.0,9.0,23.0,25.0,9.0,31.0,1.0,9.0,29.0,011
9,Ciudad de México,011,Tláhuac,76,Ojo de Agua,19.217901388888887,-98.96372416666667,2236,1.0,118,50.0,67.0,1.0,31,26.0,25.0,1.0,16.0,1.0,26.0,0.0,25.0,24.0,011
9,Ciudad de México,011,Tláhuac,81,San Miguel (Chinampas),19.220135277777775,-98.96723166666666,2236,1.0,65,13.0,52.0,0.0,21,19.0,19.0,0.0,15.0,7.0,19.0,0.0,19.0,18.0,011
9,Ciudad de México,011,Tláhuac,86,Xila,19.219694444444443,-98.95575027777778,2233,1.0,103,30.0,73.0,0.0,22,21.0,21.0,0.0,11.0,2.0,20.0,1.0,20.0,19.0,011
9,Ciudad de México,011,Tláhuac,87,Axolocalco (Prolongación Santa Cruz),19.220242222222222,-98.94522527777778,2217,1.0,90,24.0,58.0,8.0,29,25.0,2.0,23.0,21.0,1.0,20.0,5.0,2.0,19.0,011
9,Ciudad de México,011,Tláhuac,89,El Tetecon (El Solitario),19.319274166666666,-99.024965,2346,1.0,16,1.0,14.0,1.0,10,5.0,2.0,3.0,5.0,3.0,5.0,0.0,2.0,5.0,011
9,Ciudad de México,011,Tláhuac,94,Chinampa San Juan,19.271608055555554,-99.00998277777778,2239,1.0,18,7.0,9.0,2.0,5,5.0,5.0,0.0,2.0,0.0,5.0,0.0,5.0,4.0,011
9,Ciudad de México,011,Tláhuac,103,Paraje Xometitla,19.220232499999998,-98.96348222222223,2237,1.0,145,44.0,97.0,4.0,39,34.0,34.0,0.0,25.0,5.0,33.0,1.0,33.0,32.0,011
9,Ciudad de México,011,Tláhuac,104,San Ignacio de Loyola,19.217182777777776,-98.95679777777778,2234,3.0,856,226.0,596.0,34.0,264,208.0,77.0,127.0,138.0,41.0,200.0,4.0,75.0,197.0,011
9,Ciudad de México,011,Tláhuac,108,Paraje Ayecac,19.225277777777777,-98.96954666666667,2236,1.0,81,26.0,47.0,8.0,20,19.0,18.0,1.0,12.0,1.0,19.0,0.0,18.0,18.0,011
9,Ciudad de México,011,Tláhuac,110,La Ciénega,19.287568055555557,-99.02198166666666,2231,5.0,3050,969.0,2005.0,76.0,969,841.0,334.0,472.0,323.0,48.0,790.0,16.0,330.0,758.0,011
9,Ciudad de México,011,Tláhuac,111,Chinampas Tetelco,19.218989722222222,-98.96804388888889,2236,1.0,24,4.0,19.0,1.0,8,7.0,7.0,0.0,1.0,0.0,7.0,0.0,7.0,7.0,011
9,Ciudad de México,011,Tláhuac,113,Lomas de Xocotlán,19.212960833333334,-98.96633194444445,2238,1.0,238,70.0,162.0,6.0,69,56.0,56.0,0.0,38.0,6.0,56.0,0.0,55.0,55.0,011
9,Ciudad de México,011,Tláhuac,119,Tierra Blanca Parte Alta,19.232620277777777,-99.00973194444444,2369,1.0,178,53.0,120.0,5.0,48,42.0,14.0,28.0,34.0,14.0,42.0,0.0,14.0,34.0,011
9,Ciudad de México,011,Tláhuac,126,Camino a Tlaltenco,19.30509277777778,-99.02671388888889,2254,1.0,71,22.0,49.0,0.0,22,14.0,6.0,8.0,8.0,4.0,12.0,2.0,5.0,12.0,011
9,Ciudad de México,011,Tláhuac,128,Prolongación Peña Alta,19.226128055555552,-99.00730694444445,2383,1.0,101,28.0,70.0,3.0,35,26.0,5.0,21.0,24.0,5.0,26.0,0.0,5.0,21.0,011
9,Ciudad de México,011,Tláhuac,129,Rancho los Pollitos,19.29843638888889,-99.00484972222222,2257,1.0,23,4.0,18.0,1.0,13,9.0,7.0,2.0,9.0,9.0,9.0,0.0,7.0,9.0,011
9,Ciudad de México,011,Tláhuac,133,Ejido de San Juan Ixtayopan,19.24453777777778,-98.99209361111112,2234,1.0,20,5.0,14.0,1.0,7,5.0,2.0,3.0,2.0,1.0,3.0,2.0,2.0,3.0,011
9,Ciudad de México,011,Tláhuac,134,Tabla Telocuatitla,19.295756944444445,-98.98007083333333,2239,1.0,34,10.0,21.0,3.0,19,10.0,4.0,6.0,4.0,1.0,6.0,4.0,3.0,8.0,011
9,Ciudad de México,011,Tláhuac,136,El Pato,19.250804444444444,-98.99664611111112,2234,2.0,359,107.0,235.0,17.0,103,88.0,84.0,4.0,48.0,7.0,81.0,7.0,77.0,76.0,011
9,Ciudad de México,011,Tláhuac,137,Ejido de Tláhuac,19.261975833333334,-98.99434472222222,2227,1.0,77,22.0,54.0,1.0,26,22.0,13.0,9.0,10.0,0.0,18.0,4.0,12.0,14.0,011
9,Ciudad de México,011,Tláhuac,140,El Paraíso (Mecoxtla),19.324148055555554,-98.97672694444445,2335,4.0,1436,417.0,990.0,29.0,405,359.0,98.0,261.0,208.0,149.0,357.0,2.0,96.0,210.0,011
9,Ciudad de México,011,Tláhuac,141,Colonia los 500 metros,19.32285472222222,-98.97069805555556,2283,2.0,405,95.0,288.0,22.0,142,101.0,63.0,38.0,80.0,58.0,100.0,1.0,63.0,92.0,011
9,Ciudad de México,011,Tláhuac,142,Ampliación San Miguel,19.29381777777778,-98.97008666666667,2235,2.0,276,79.0,186.0,11.0,104,76.0,76.0,0.0,44.0,15.0,76.0,0.0,76.0,76.0,011
9,Ciudad de México,011,Tláhuac,145,Xalpa (López Portillo),19.305855555555556,-99.0235725,2262,1.0,240,80.0,155.0,5.0,73,55.0,6.0,49.0,50.0,19.0,53.0,2.0,6.0,53.0,011
9,Ciudad de México,011,Tláhuac,146,Piñón,19.30539388888889,-99.01475055555555,2280,1.0,54,11.0,41.0,2.0,27,16.0,1.0,15.0,12.0,2.0,16.0,0.0,1.0,10.0,011
9,Ciudad de México,011,Tláhuac,148,Puertantitla (Camino al Cerro),19.302633055555557,-99.01263888888889,2267,2.0,275,69.0,195.0,11.0,92,65.0,10.0,55.0,58.0,14.0,65.0,0.0,9.0,62.0,011
9,Ciudad de México,011,Tláhuac,149,Prolongación el Rosario,19.23505638888889,-99.01031861111112,2352,1.0,152,52.0,93.0,7.0,42,40.0,9.0,31.0,30.0,13.0,39.0,1.0,9.0,32.0,011
9,Ciudad de México,011,Tláhuac,150,La Nopalera,19.238145833333334,-99.0123975,2354,1.0,26,4.0,21.0,1.0,12,7.0,7.0,0.0,5.0,1.0,7.0,0.0,6.0,7.0,011
9,Ciudad de México,011,Tláhuac,152,Bugambilias,19.300029444444444,-98.98662972222222,2260,1.0,13,3.0,7.0,3.0,3,3.0,1.0,2.0,2.0,1.0,2.0,1.0,1.0,1.0,011
9,Ciudad de México,011,Tláhuac,153,Tezontitla,19.303478055555555,-99.00331388888888,2276,1.0,25,5.0,18.0,2.0,7,6.0,3.0,3.0,6.0,4.0,6.0,0.0,3.0,5.0,011
9,Ciudad de México,011,Tláhuac,154,Xalatlayco,19.302587777777777,-99.00597305555556,2274,1.0,145,37.0,97.0,11.0,44,37.0,10.0,27.0,35.0,8.0,37.0,0.0,10.0,36.0,011
9,Ciudad de México,011,Tláhuac,155,El Capulín,19.31825027777778,-98.99799722222222,2434,1.0,30,6.0,24.0,0.0,15,8.0,2.0,6.0,5.0,1.0,8.0,0.0,2.0,6.0,011
9,Ciudad de México,011,Tláhuac,156,Las Palmas,19.305689166666667,-99.00164861111111,2300,1.0,13,5.0,8.0,0.0,5,3.0,0.0,3.0,3.0,1.0,3.0,0.0,0.0,1.0,011
9,Ciudad de México,011,Tláhuac,159,Apoyautla (Cerro de Guadalupe),19.3010475,-99.00608833333334,2262,2.0,263,80.0,179.0,4.0,81,73.0,21.0,52.0,60.0,34.0,73.0,0.0,21.0,62.0,011
9,Ciudad de México,011,Tláhuac,160,Las Nieves (Almoloya),19.214546666666667,-98.96435833333334,2235,1.0,124,36.0,83.0,5.0,41,36.0,35.0,1.0,28.0,7.0,36.0,0.0,34.0,36.0,011
9,Ciudad de México,011,Tláhuac,161,La Cruz,19.234229444444445,-99.017815,2453,1.0,31,9.0,21.0,1.0,10,8.0,6.0,2.0,7.0,3.0,8.0,0.0,6.0,8.0,011
9,Ciudad de México,011,Tláhuac,162,Mixtlaplan,19.308285,-99.01426833333333,2293,1.0,90,27.0,61.0,2.0,29,20.0,4.0,16.0,17.0,8.0,20.0,0.0,4.0,13.0,011
9,Ciudad de México,011,Tláhuac,163,El Llano,19.22387611111111,-98.97677111111112,2232,1.0,70,20.0,50.0,0.0,28,20.0,19.0,1.0,18.0,9.0,20.0,0.0,19.0,19.0,011
9,Ciudad de México,012,Tlalpan,1,Tlalpan,19.288275000000002,-99.16712611111112,2280,13.0,599935,104632.0,426486.0,68354.0,193514,176454.0,174434.0,1679.0,152931.0,119488.0,175785.0,320.0,174077.0,175552.0,012
9,Ciudad de México,012,Tlalpan,19,Parres (El Guarda),19.13620222222222,-99.17505805555557,2994,5.0,3197,819.0,2179.0,199.0,978,806.0,786.0,19.0,640.0,674.0,802.0,3.0,784.0,791.0,012
9,Ciudad de México,012,Tlalpan,26,San Miguel Ajusco,19.217969444444442,-99.20396722222222,2933,9.0,37282,8761.0,26139.0,2319.0,11862,9883.0,8267.0,1575.0,8251.0,7057.0,9772.0,70.0,8235.0,9666.0,012
9,Ciudad de México,012,Tlalpan,27,San Miguel Topilejo,19.20135861111111,-99.14139833333334,2649,9.0,41087,10078.0,28602.0,2407.0,11790,10306.0,7079.0,3212.0,7624.0,7466.0,10156.0,135.0,7025.0,10074.0,012
9,Ciudad de México,012,Tlalpan,105,Apapaxtles,19.20801833333333,-99.2280125,3091,1.0,67,22.0,44.0,1.0,32,18.0,16.0,2.0,16.0,13.0,18.0,0.0,16.0,17.0,012
9,Ciudad de México,012,Tlalpan,112,Cañada del Acueducto,19.204818055555556,-99.20924222222223,3029,1.0,161,52.0,103.0,6.0,51,42.0,24.0,18.0,39.0,15.0,42.0,0.0,24.0,42.0,012
9,Ciudad de México,012,Tlalpan,114,Cuamino,19.20838111111111,-99.2328088888889,3159,1.0,11,0.0,9.0,2.0,6,3.0,3.0,0.0,3.0,3.0,3.0,0.0,3.0,3.0,012
9,Ciudad de México,012,Tlalpan,124,Héroes de 1910,19.24702277777778,-99.2345825,2947,3.0,571,131.0,392.0,48.0,247,174.0,154.0,20.0,136.0,137.0,171.0,3.0,152.0,163.0,012
9,Ciudad de México,012,Tlalpan,128,Las Raíces,19.169296666666668,-99.15840666666668,2884,1.0,25,6.0,19.0,0.0,10,6.0,4.0,2.0,4.0,5.0,5.0,1.0,4.0,5.0,012
9,Ciudad de México,012,Tlalpan,130,Kilómetro 36.5 (El Crucero),19.154525,-99.16294305555556,2935,1.0,69,24.0,45.0,0.0,22,18.0,17.0,1.0,16.0,13.0,16.0,2.0,15.0,15.0,012
9,Ciudad de México,012,Tlalpan,131,Las Maravillas (Kilómetro 37),19.148554166666667,-99.16565861111111,2945,1.0,45,12.0,31.0,2.0,17,13.0,0.0,13.0,10.0,6.0,13.0,0.0,0.0,13.0,012
9,Ciudad de México,012,Tlalpan,132,Kilómetro 33.5,19.178706944444446,-99.16074027777778,2865,1.0,7,0.0,6.0,1.0,6,3.0,1.0,2.0,0.0,2.0,1.0,2.0,1.0,1.0,012
9,Ciudad de México,012,Tlalpan,135,Lomas de Tepemecatl,19.238221111111113,-99.24048777777777,2960,5.0,4058,1165.0,2766.0,125.0,1444,1029.0,806.0,221.0,877.0,508.0,1019.0,8.0,803.0,994.0,012
9,Ciudad de México,012,Tlalpan,144,Piedra Larga,19.190491944444446,-99.13770361111112,2746,3.0,532,151.0,359.0,22.0,163,145.0,41.0,104.0,104.0,75.0,139.0,6.0,41.0,132.0,012
9,Ciudad de México,012,Tlalpan,159,La Pedrera,19.20258527777778,-99.17417611111111,2816,1.0,92,23.0,65.0,4.0,26,24.0,21.0,3.0,17.0,9.0,23.0,1.0,21.0,20.0,012
9,Ciudad de México,012,Tlalpan,161,El Pedregal,19.235834166666667,-99.20581916666667,2869,3.0,822,234.0,554.0,34.0,296,223.0,107.0,116.0,182.0,109.0,216.0,7.0,106.0,207.0,012
9,Ciudad de México,012,Tlalpan,162,El Sifón,19.16373972222222,-99.16942916666667,3012,1.0,103,31.0,72.0,0.0,24,22.0,1.0,21.0,17.0,11.0,22.0,0.0,1.0,13.0,012
9,Ciudad de México,012,Tlalpan,168,Chalcuitongo (La Asunción),19.183609722222222,-99.14507472222223,2748,4.0,1048,301.0,710.0,37.0,316,270.0,44.0,225.0,167.0,184.0,248.0,21.0,42.0,235.0,012
9,Ciudad de México,012,Tlalpan,175,Siete Ocotes,19.162299444444443,-99.15751138888889,2912,1.0,35,6.0,28.0,1.0,10,10.0,0.0,10.0,3.0,9.0,10.0,0.0,0.0,8.0,012
9,Ciudad de México,012,Tlalpan,179,El Charco,19.234485,-99.22542138888889,2952,3.0,759,190.0,542.0,27.0,322,205.0,152.0,50.0,179.0,111.0,199.0,3.0,148.0,192.0,012
9,Ciudad de México,012,Tlalpan,187,Huinixco,19.174913611111112,-99.1624613888889,2907,2.0,271,64.0,204.0,3.0,82,66.0,63.0,3.0,48.0,36.0,65.0,1.0,61.0,56.0,012
9,Ciudad de México,012,Tlalpan,198,La Troje,19.210792777777776,-99.23142,3147,1.0,18,4.0,12.0,2.0,11,7.0,5.0,2.0,6.0,7.0,6.0,1.0,5.0,7.0,012
9,Ciudad de México,012,Tlalpan,210,El Arenal,19.233587500000002,-99.18621972222222,2743,1.0,65,19.0,45.0,1.0,16,15.0,7.0,8.0,9.0,10.0,15.0,0.0,7.0,14.0,012
9,Ciudad de México,012,Tlalpan,216,Cuanejaque,19.196144722222222,-99.17666222222223,2842,1.0,239,57.0,155.0,27.0,103,70.0,20.0,50.0,53.0,51.0,68.0,2.0,17.0,65.0,012
9,Ciudad de México,012,Tlalpan,217,El Oyameyo,19.18823,-99.1714175,2913,1.0,189,35.0,130.0,24.0,88,55.0,55.0,0.0,46.0,50.0,55.0,0.0,54.0,53.0,012
9,Ciudad de México,012,Tlalpan,218,Parada Oyameyo (Kilómetro 31.5),19.19236972222222,-99.16731277777778,2832,1.0,112,16.0,88.0,8.0,56,36.0,14.0,22.0,35.0,33.0,35.0,1.0,14.0,35.0,012
9,Ciudad de México,012,Tlalpan,220,La Campana,19.250979722222223,-99.2440511111111,2909,1.0,20,7.0,12.0,1.0,9,8.0,6.0,2.0,7.0,1.0,8.0,0.0,6.0,7.0,012
9,Ciudad de México,012,Tlalpan,221,La Rufina,19.232119166666664,-99.23329583333333,2968,1.0,50,9.0,40.0,1.0,16,10.0,8.0,2.0,9.0,2.0,10.0,0.0,3.0,9.0,012
9,Ciudad de México,012,Tlalpan,222,Nopaltitla,19.23515111111111,-99.21471555555556,2932,3.0,669,169.0,480.0,20.0,256,170.0,109.0,61.0,150.0,75.0,167.0,3.0,101.0,159.0,012
9,Ciudad de México,012,Tlalpan,237,Xomulco (Oyamertonco),19.218535277777775,-99.22797472222223,3057,1.0,36,6.0,28.0,2.0,19,11.0,9.0,2.0,8.0,5.0,11.0,0.0,9.0,10.0,012
9,Ciudad de México,012,Tlalpan,254,Barranquilla,19.19065388888889,-99.18336666666667,2955,1.0,18,3.0,13.0,2.0,8,4.0,4.0,0.0,4.0,4.0,4.0,0.0,3.0,4.0,012
9,Ciudad de México,012,Tlalpan,269,Temaxcatitla (Kilómetro 32.2),19.185476944444446,-99.16296972222223,2826,1.0,65,10.0,51.0,4.0,26,17.0,9.0,8.0,10.0,14.0,17.0,0.0,8.0,14.0,012
9,Ciudad de México,012,Tlalpan,272,Colonia Ocotla,19.216086666666666,-99.15880138888889,2823,1.0,121,33.0,83.0,5.0,54,31.0,12.0,19.0,29.0,29.0,31.0,0.0,12.0,31.0,012
9,Ciudad de México,012,Tlalpan,275,Kilómetro 29.5,19.206186111111112,-99.1566425,2804,1.0,44,6.0,37.0,1.0,18,12.0,12.0,0.0,10.0,10.0,12.0,0.0,12.0,10.0,012
9,Ciudad de México,012,Tlalpan,276,Lomas del Capulín (Kilómetro 30),19.204390277777776,-99.1626988888889,2827,3.0,529,135.0,374.0,20.0,187,131.0,49.0,82.0,92.0,112.0,127.0,4.0,49.0,129.0,012
9,Ciudad de México,012,Tlalpan,277,Tlatepancaltitla (Kilómetro 30.5),19.201065277777776,-99.16370333333334,2787,1.0,55,13.0,39.0,3.0,20,17.0,5.0,12.0,11.0,8.0,17.0,0.0,5.0,17.0,012
9,Ciudad de México,012,Tlalpan,280,Tlalalpuente,19.205656666666666,-99.22073388888889,3116,1.0,21,5.0,12.0,4.0,10,8.0,8.0,0.0,8.0,8.0,8.0,0.0,8.0,8.0,012
9,Ciudad de México,012,Tlalpan,282,Ocotla Chico,19.210852222222222,-99.16912583333334,2896,3.0,943,272.0,634.0,37.0,313,238.0,151.0,85.0,226.0,208.0,235.0,1.0,150.0,228.0,012
9,Ciudad de México,012,Tlalpan,283,Paraje Atonco,19.213286944444445,-99.22696361111112,3110,1.0,31,9.0,22.0,0.0,10,6.0,2.0,4.0,6.0,4.0,6.0,0.0,2.0,6.0,012
9,Ciudad de México,012,Tlalpan,290,La Herradura,19.234715555555557,-99.195795,2792,3.0,793,212.0,555.0,26.0,233,192.0,153.0,39.0,147.0,126.0,187.0,5.0,149.0,186.0,012
9,Ciudad de México,012,Tlalpan,291,Carretera al Ajusco,19.235196666666667,-99.18852111111111,2757,1.0,49,10.0,36.0,3.0,18,15.0,14.0,1.0,8.0,6.0,15.0,0.0,14.0,15.0,012
9,Ciudad de México,012,Tlalpan,295,Chahualixcantitla,19.182975555555558,-99.16711694444444,2891,1.0,16,4.0,12.0,0.0,7,7.0,0.0,7.0,5.0,7.0,7.0,0.0,0.0,7.0,012
9,Ciudad de México,012,Tlalpan,296,Lomas de San José,19.172900833333333,-99.16454111111112,2944,1.0,69,20.0,45.0,4.0,22,17.0,14.0,3.0,11.0,5.0,17.0,0.0,12.0,12.0,012
9,Ciudad de México,012,Tlalpan,300,Colonia San Juan,19.207101944444442,-99.21233722222223,3023,1.0,219,65.0,143.0,11.0,69,54.0,10.0,44.0,47.0,46.0,54.0,0.0,10.0,52.0,012
9,Ciudad de México,012,Tlalpan,301,Colonia Aguayoto,19.205734166666666,-99.21661111111112,3098,2.0,325,73.0,236.0,16.0,119,95.0,87.0,8.0,80.0,77.0,94.0,1.0,86.0,94.0,012
9,Ciudad de México,012,Tlalpan,302,Los Encinos,19.197653055555556,-99.13044888888888,2595,1.0,96,25.0,67.0,4.0,33,26.0,8.0,18.0,21.0,7.0,25.0,1.0,7.0,20.0,012
9,Ciudad de México,012,Tlalpan,310,Camino a la Venta,19.219903055555555,-99.19416833333334,2835,1.0,51,19.0,31.0,1.0,10,10.0,7.0,3.0,9.0,5.0,10.0,0.0,7.0,10.0,012
9,Ciudad de México,012,Tlalpan,311,La Monera,19.237378333333336,-99.18908611111111,2753,1.0,15,4.0,11.0,0.0,6,5.0,5.0,0.0,4.0,5.0,3.0,2.0,3.0,3.0,012
9,Ciudad de México,012,Tlalpan,317,El Tianguillo,19.227484444444443,-99.25209472222222,3164,1.0,5,0.0,4.0,1.0,6,3.0,1.0,2.0,1.0,1.0,3.0,0.0,1.0,2.0,012
9,Ciudad de México,012,Tlalpan,319,Popotenco,19.1872525,-99.16257055555556,2554,1.0,20,2.0,16.0,2.0,8,6.0,1.0,5.0,6.0,1.0,6.0,0.0,1.0,4.0,012
9,Ciudad de México,012,Tlalpan,325,Planta Abasolo,19.233736944444445,-99.19392388888889,2783,1.0,93,30.0,62.0,1.0,25,24.0,23.0,1.0,18.0,13.0,24.0,0.0,23.0,22.0,012
9,Ciudad de México,012,Tlalpan,326,Cuauhtenco,19.218601944444444,-99.15009361111112,2718,1.0,10,1.0,9.0,0.0,4,3.0,1.0,2.0,3.0,3.0,3.0,0.0,1.0,3.0,012
9,Ciudad de México,012,Tlalpan,328,Ejidos de San Andrés Totoltepec,19.253741666666667,-99.2291475,2904,2.0,384,97.0,262.0,25.0,140,107.0,102.0,5.0,93.0,55.0,105.0,2.0,87.0,99.0,012
9,Ciudad de México,012,Tlalpan,333,Prolongación Acueducto,19.199100833333333,-99.20499194444444,3046,1.0,20,3.0,15.0,2.0,12,6.0,1.0,5.0,4.0,6.0,6.0,0.0,1.0,6.0,012
9,Ciudad de México,012,Tlalpan,339,El Oyamel,19.230366666666665,-99.24206694444445,3033,1.0,7,0.0,6.0,1.0,8,3.0,2.0,1.0,3.0,0.0,3.0,0.0,1.0,3.0,012
9,Ciudad de México,012,Tlalpan,342,Rancho Matamoros,19.19872,-99.23231611111112,3280,1.0,10,1.0,9.0,0.0,4,3.0,3.0,0.0,2.0,3.0,3.0,0.0,3.0,3.0,012
9,Ciudad de México,012,Tlalpan,346,Tepehuaxotla (Prolongación Pirámide),19.208145,-99.20810305555555,2970,1.0,156,40.0,109.0,7.0,45,39.0,10.0,29.0,32.0,36.0,38.0,1.0,10.0,36.0,012
9,Ciudad de México,012,Tlalpan,350,Los Tlapancos,19.204519722222223,-99.19180333333334,2870,1.0,108,26.0,78.0,4.0,43,31.0,31.0,0.0,25.0,13.0,30.0,1.0,30.0,28.0,012
9,Ciudad de México,012,Tlalpan,351,Carretera al Ajusco II,19.232232777777774,-99.1920625,2795,1.0,128,32.0,88.0,8.0,31,28.0,25.0,3.0,24.0,18.0,28.0,0.0,25.0,26.0,012
9,Ciudad de México,012,Tlalpan,354,Acazacatongo,19.203331666666667,-99.20923583333334,3056,1.0,86,11.0,67.0,8.0,52,26.0,7.0,19.0,22.0,18.0,24.0,2.0,7.0,25.0,012
9,Ciudad de México,012,Tlalpan,355,Acueducto 1ra. Sección,19.206117777777777,-99.2129025,3053,1.0,35,5.0,26.0,4.0,24,15.0,8.0,7.0,15.0,13.0,15.0,0.0,8.0,15.0,012
9,Ciudad de México,012,Tlalpan,356,El Campo,19.24329611111111,-99.19665222222223,2772,1.0,8,0.0,8.0,0.0,3,3.0,0.0,3.0,2.0,0.0,1.0,2.0,0.0,1.0,012
9,Ciudad de México,012,Tlalpan,357,Cuatzontle,19.24145111111111,-99.19877111111111,2815,1.0,34,14.0,19.0,1.0,10,7.0,0.0,7.0,4.0,3.0,6.0,1.0,0.0,5.0,012
9,Ciudad de México,012,Tlalpan,358,El Arcoiris,19.20853,-99.21334,3015,1.0,190,42.0,141.0,7.0,68,49.0,16.0,33.0,43.0,35.0,49.0,0.0,16.0,49.0,012
9,Ciudad de México,012,Tlalpan,359,Tixtapaltongo (Loma de Ahuayoto),19.201879166666664,-99.21224361111112,3128,1.0,6,1.0,5.0,0.0,4,3.0,2.0,1.0,2.0,2.0,1.0,2.0,1.0,2.0,012
9,Ciudad de México,012,Tlalpan,360,Rancho Ahuayoto,19.205219444444445,-99.21472750000001,3081,1.0,10,3.0,5.0,2.0,4,3.0,3.0,0.0,2.0,3.0,3.0,0.0,3.0,3.0,012
9,Ciudad de México,012,Tlalpan,361,Oyametonco,19.202191944444444,-99.22204361111112,3188,1.0,12,1.0,10.0,1.0,10,4.0,3.0,1.0,4.0,4.0,4.0,0.0,3.0,4.0,012
9,Ciudad de México,012,Tlalpan,373,Ispancolohuia,19.18445722222222,-99.167465,2883,1.0,43,10.0,30.0,3.0,20,12.0,11.0,1.0,10.0,9.0,11.0,1.0,11.0,10.0,012
9,Ciudad de México,012,Tlalpan,374,Paraje Tlalmenelolpa,19.192045,-99.17072861111112,2862,1.0,89,17.0,66.0,6.0,28,26.0,1.0,25.0,19.0,20.0,26.0,0.0,1.0,24.0,012
9,Ciudad de México,012,Tlalpan,376,Teteocotla,19.18080138888889,-99.16091,2856,1.0,234,61.0,166.0,7.0,83,65.0,29.0,36.0,40.0,43.0,64.0,1.0,26.0,58.0,012
9,Ciudad de México,012,Tlalpan,378,Rancho Viejo,19.259696944444446,-99.24444583333333,2842,1.0,43,16.0,25.0,2.0,8,8.0,8.0,0.0,7.0,1.0,8.0,0.0,8.0,7.0,012
9,Ciudad de México,012,Tlalpan,381,Ololica (Loloigque),19.216738333333332,-99.17125416666667,2921,1.0,126,46.0,76.0,4.0,38,28.0,6.0,22.0,18.0,12.0,26.0,2.0,6.0,25.0,012
9,Ciudad de México,012,Tlalpan,383,Tepacheras (Kilómetro 31),19.195586944444443,-99.16674583333334,2802,1.0,89,18.0,66.0,5.0,31,27.0,6.0,21.0,19.0,17.0,27.0,0.0,6.0,21.0,012
9,Ciudad de México,012,Tlalpan,390,La Reja,19.17079888888889,-99.14270805555556,2821,1.0,50,14.0,34.0,2.0,44,15.0,1.0,14.0,6.0,8.0,11.0,4.0,1.0,10.0,012
9,Ciudad de México,012,Tlalpan,391,Popocotla,19.184109166666666,-99.15842194444446,2785,1.0,43,9.0,34.0,0.0,14,10.0,8.0,2.0,4.0,5.0,10.0,0.0,8.0,9.0,012
9,Ciudad de México,012,Tlalpan,392,Colonia Cuauhtenco (Kilómetro 27),19.21780638888889,-99.14753611111112,2690,1.0,43,8.0,27.0,8.0,14,10.0,6.0,4.0,5.0,9.0,10.0,0.0,6.0,9.0,012
9,Ciudad de México,012,Tlalpan,393,Kilómetro 28 Sur,19.21244972222222,-99.15179166666667,2753,2.0,311,91.0,209.0,11.0,97,84.0,25.0,59.0,72.0,71.0,83.0,1.0,25.0,82.0,012
9,Ciudad de México,012,Tlalpan,394,Paraje Buenavista,19.210810555555554,-99.14542194444445,2809,1.0,160,49.0,108.0,3.0,48,36.0,3.0,33.0,34.0,34.0,34.0,2.0,3.0,33.0,012
9,Ciudad de México,012,Tlalpan,396,Tezontitla,19.209307499999998,-99.14962694444445,2757,3.0,853,192.0,614.0,44.0,268,216.0,215.0,0.0,163.0,192.0,215.0,0.0,214.0,211.0,012
9,Ciudad de México,012,Tlalpan,399,Piedra Suelta,19.223960277777778,-99.23123722222222,2990,1.0,241,62.0,171.0,8.0,105,70.0,12.0,58.0,54.0,31.0,70.0,0.0,11.0,63.0,012
9,Ciudad de México,012,Tlalpan,410,La Soledad,19.204476944444444,-99.22496027777778,3148,1.0,10,0.0,7.0,3.0,5,3.0,3.0,0.0,3.0,2.0,3.0,0.0,3.0,3.0,012
9,Ciudad de México,012,Tlalpan,416,Tlayelpa,19.189550833333335,-99.15175583333334,2703,1.0,106,29.0,74.0,3.0,26,25.0,25.0,0.0,19.0,16.0,25.0,0.0,25.0,24.0,012
9,Ciudad de México,012,Tlalpan,418,Cebadillas,19.199345833333332,-99.16604805555556,2778,1.0,54,16.0,34.0,4.0,14,11.0,2.0,9.0,9.0,5.0,10.0,1.0,2.0,10.0,012
9,Ciudad de México,012,Tlalpan,420,El Salitrillo,19.176813333333335,-99.14645972222223,2801,1.0,40,7.0,33.0,0.0,15,9.0,0.0,9.0,6.0,3.0,7.0,2.0,0.0,7.0,012
9,Ciudad de México,012,Tlalpan,422,Xoxoctongo,19.208805833333333,-99.21130027777778,2992,1.0,41,8.0,32.0,1.0,14,11.0,1.0,10.0,11.0,4.0,11.0,0.0,1.0,10.0,012
9,Ciudad de México,012,Tlalpan,423,La Huerta,19.13091361111111,-99.16856944444444,3033,1.0,24,8.0,16.0,0.0,16,8.0,6.0,2.0,8.0,3.0,8.0,0.0,5.0,8.0,012
9,Ciudad de México,012,Tlalpan,426,Pedregal del Xitle,19.239820277777778,-99.21937944444444,2960,1.0,35,11.0,22.0,2.0,22,11.0,2.0,9.0,8.0,3.0,11.0,0.0,2.0,10.0,012
9,Ciudad de México,012,Tlalpan,427,Santa Ana,19.217432499999997,-99.16553888888889,2890,1.0,69,17.0,51.0,1.0,28,20.0,6.0,14.0,19.0,19.0,20.0,0.0,6.0,19.0,012
9,Ciudad de México,012,Tlalpan,429,El Resumidero,19.263705833333333,-99.23896111111111,2815,1.0,172,29.0,131.0,12.0,69,68.0,25.0,40.0,51.0,0.0,63.0,2.0,23.0,50.0,012
9,Ciudad de México,012,Tlalpan,430,Zamora,19.217366944444443,-99.22984166666667,3055,1.0,10,2.0,8.0,0.0,3,3.0,3.0,0.0,3.0,3.0,3.0,0.0,3.0,3.0,012
9,Ciudad de México,012,Tlalpan,436,Xililimoco,19.205992777777777,-99.16979527777778,2849,1.0,141,40.0,97.0,4.0,53,40.0,2.0,38.0,29.0,20.0,33.0,7.0,2.0,35.0,012
9,Ciudad de México,012,Tlalpan,438,Ejido de San Miguel Xicalco,19.22725472222222,-99.19238972222223,2832,1.0,19,6.0,11.0,2.0,7,7.0,2.0,5.0,5.0,2.0,5.0,2.0,2.0,3.0,012
9,Ciudad de México,012,Tlalpan,439,La Joyita,19.194125,-99.13290722222222,2634,1.0,111,38.0,71.0,2.0,40,31.0,4.0,27.0,27.0,6.0,27.0,4.0,2.0,27.0,012
9,Ciudad de México,012,Tlalpan,440,Ayopa,19.197333055555557,-99.13476777777778,2626,1.0,91,32.0,55.0,4.0,25,23.0,1.0,22.0,18.0,10.0,22.0,1.0,1.0,20.0,012
9,Ciudad de México,013,Xochimilco,1,Xochimilco,19.263461944444444,-99.10491333333333,2237,12.0,429481,85877.0,303293.0,40102.0,126945,113760.0,105950.0,7656.0,93455.0,45326.0,112974.0,632.0,105537.0,111856.0,013
9,Ciudad de México,013,Xochimilco,91,Tepemimilco,19.226095833333332,-99.12393444444444,2368,1.0,156,37.0,108.0,11.0,45,43.0,39.0,4.0,38.0,10.0,43.0,0.0,37.0,42.0,013
9,Ciudad de México,013,Xochimilco,96,Ixotitla,19.23721666666667,-99.056995,2350,1.0,204,59.0,138.0,7.0,74,57.0,14.0,43.0,34.0,13.0,53.0,4.0,14.0,46.0,013
9,Ciudad de México,013,Xochimilco,111,Paraje Lila (El Ladrillo),19.262317777777778,-99.07812722222222,2230,1.0,30,10.0,17.0,3.0,9,8.0,1.0,7.0,6.0,1.0,7.0,1.0,1.0,7.0,013
9,Ciudad de México,013,Xochimilco,113,Zacapa,19.258400555555557,-99.05690638888889,2227,1.0,10,0.0,10.0,0.0,3,3.0,3.0,0.0,3.0,2.0,3.0,0.0,3.0,3.0,013
9,Ciudad de México,013,Xochimilco,118,Barrio San Antonio (Cruz Monte),19.245071944444444,-99.03410222222222,2396,2.0,279,80.0,187.0,12.0,80,65.0,8.0,57.0,54.0,27.0,59.0,6.0,7.0,61.0,013
9,Ciudad de México,013,Xochimilco,134,Ampliación Chalmita,19.234090555555557,-99.04954055555555,2427,3.0,613,156.0,422.0,35.0,208,159.0,7.0,152.0,123.0,65.0,153.0,6.0,7.0,141.0,013
9,Ciudad de México,013,Xochimilco,136,Tepexomulco,19.23141111111111,-99.1313175,2362,3.0,555,130.0,401.0,24.0,145,129.0,81.0,48.0,100.0,73.0,125.0,4.0,81.0,126.0,013
9,Ciudad de México,013,Xochimilco,137,Tlachiultepec de Ahuayucan (Las Malvinas),19.204349166666667,-99.10216861111111,2590,2.0,270,76.0,180.0,14.0,73,68.0,8.0,59.0,50.0,11.0,64.0,3.0,8.0,65.0,013
9,Ciudad de México,013,Xochimilco,138,Tepetitla (Tlacoxpan),19.235305833333335,-99.14221333333334,2422,1.0,102,22.0,79.0,1.0,31,23.0,9.0,14.0,20.0,20.0,23.0,0.0,9.0,23.0,013
9,Ciudad de México,013,Xochimilco,139,Tlacualleli (El Calvario),19.242270277777777,-99.07793333333333,2302,1.0,91,32.0,59.0,0.0,26,25.0,0.0,25.0,12.0,1.0,24.0,1.0,0.0,18.0,013
9,Ciudad de México,013,Xochimilco,140,Tlaltepetla (Tehuistitla),19.22451611111111,-99.11534222222221,2370,1.0,148,37.0,106.0,5.0,46,39.0,22.0,17.0,27.0,11.0,37.0,2.0,20.0,38.0,013
9,Ciudad de México,013,Xochimilco,143,Tlalatlaco,19.225380833333332,-99.14376277777778,2420,1.0,105,27.0,73.0,5.0,30,26.0,4.0,22.0,18.0,21.0,24.0,2.0,3.0,26.0,013
9,Ciudad de México,013,Xochimilco,146,Tlatzala (Cuayuca),19.23616,-99.07737972222222,2421,1.0,207,51.0,144.0,12.0,50,46.0,44.0,2.0,30.0,4.0,46.0,0.0,42.0,42.0,013
9,Ciudad de México,013,Xochimilco,151,Tepuente,19.2283725,-99.15212444444445,2650,1.0,48,11.0,33.0,4.0,18,15.0,6.0,9.0,13.0,12.0,15.0,0.0,6.0,15.0,013
9,Ciudad de México,013,Xochimilco,157,Tipipili,19.233863333333336,-99.08452666666666,2414,3.0,709,196.0,483.0,30.0,281,195.0,13.0,181.0,166.0,23.0,177.0,17.0,13.0,155.0,013
9,Ciudad de México,013,Xochimilco,160,Tochuca (San Salvador),19.202343055555556,-99.10256722222222,2609,2.0,370,71.0,277.0,22.0,122,100.0,43.0,57.0,75.0,59.0,98.0,2.0,43.0,99.0,013
9,Ciudad de México,013,Xochimilco,162,Pepelaxtla,19.21727,-99.11253722222222,2411,2.0,343,84.0,246.0,13.0,98,84.0,79.0,5.0,58.0,18.0,84.0,0.0,77.0,78.0,013
9,Ciudad de México,013,Xochimilco,163,Tecacalango,19.217870833333333,-99.10709722222222,2424,1.0,207,53.0,144.0,10.0,55,50.0,47.0,3.0,41.0,36.0,50.0,0.0,47.0,49.0,013
9,Ciudad de México,013,Xochimilco,164,Tzompole,19.20405138888889,-99.11770833333333,2588,1.0,39,9.0,29.0,1.0,10,10.0,7.0,3.0,10.0,4.0,9.0,1.0,6.0,9.0,013
9,Ciudad de México,013,Xochimilco,165,Cacalco (Tepextenco),19.19448,-99.12472916666665,2635,1.0,18,6.0,12.0,0.0,5,4.0,3.0,1.0,3.0,0.0,4.0,0.0,3.0,4.0,013
9,Ciudad de México,013,Xochimilco,169,Apatlaco,19.264671944444444,-99.08655916666666,2230,1.0,95,26.0,66.0,3.0,30,26.0,2.0,24.0,11.0,2.0,19.0,7.0,1.0,9.0,013
9,Ciudad de México,013,Xochimilco,172,Paraje de la Ciénega,19.27959222222222,-99.08138833333334,2229,1.0,47,15.0,29.0,3.0,13,13.0,10.0,3.0,5.0,3.0,11.0,2.0,9.0,11.0,013
9,Ciudad de México,013,Xochimilco,178,Tlapizatil (Puente de Urrutia),19.261986944444445,-99.07285666666667,2229,1.0,176,57.0,107.0,12.0,55,50.0,8.0,42.0,40.0,7.0,45.0,5.0,8.0,35.0,013
9,Ciudad de México,013,Xochimilco,180,Tepexomulco las Rocas,19.228535833333332,-99.13606611111112,2395,1.0,53,14.0,36.0,3.0,17,15.0,3.0,12.0,10.0,9.0,15.0,0.0,3.0,13.0,013
9,Ciudad de México,013,Xochimilco,181,Ocotitla Tepachuxiac,19.228087777777777,-99.14170805555557,2406,2.0,271,59.0,201.0,11.0,64,64.0,22.0,42.0,38.0,48.0,60.0,2.0,20.0,63.0,013
9,Ciudad de México,013,Xochimilco,184,Atotle,19.21848361111111,-99.10949416666666,2413,2.0,330,70.0,239.0,21.0,99,88.0,84.0,4.0,74.0,29.0,87.0,1.0,84.0,87.0,013
9,Ciudad de México,013,Xochimilco,185,Los Tejocotes,19.20282333333333,-99.11847555555555,2563,1.0,31,4.0,26.0,1.0,8,8.0,6.0,2.0,5.0,1.0,7.0,1.0,5.0,7.0,013
9,Ciudad de México,013,Xochimilco,187,Tepepatlaxtle,19.202371666666664,-99.11119,2589,1.0,162,38.0,117.0,7.0,48,41.0,3.0,38.0,35.0,17.0,40.0,1.0,3.0,40.0,013
9,Ciudad de México,013,Xochimilco,190,Tixculco,19.222514166666667,-99.05455555555555,2400,1.0,42,6.0,34.0,2.0,22,17.0,10.0,7.0,6.0,10.0,15.0,2.0,10.0,14.0,013
9,Ciudad de México,013,Xochimilco,191,Tecoexcontitla,19.21388861111111,-99.08512416666666,2611,2.0,263,66.0,181.0,16.0,103,76.0,17.0,59.0,71.0,40.0,76.0,0.0,17.0,72.0,013
9,Ciudad de México,013,Xochimilco,193,El Potrero (Bosques de la Paz),19.211145833333333,-99.09060277777778,2569,1.0,38,9.0,29.0,0.0,12,11.0,2.0,9.0,8.0,1.0,11.0,0.0,2.0,11.0,013
9,Ciudad de México,013,Xochimilco,195,Paraje Tepanyecac,19.222114444444443,-99.05155555555555,2441,1.0,58,13.0,41.0,4.0,26,16.0,12.0,4.0,14.0,7.0,15.0,1.0,11.0,14.0,013
9,Ciudad de México,013,Xochimilco,196,Tepepula,19.228048055555554,-99.12574722222222,2380,1.0,48,11.0,34.0,3.0,13,12.0,11.0,1.0,11.0,7.0,12.0,0.0,11.0,10.0,013
9,Ciudad de México,013,Xochimilco,197,La Angostura,19.262068888888887,-99.07550666666667,2230,1.0,21,4.0,14.0,3.0,8,7.0,0.0,7.0,3.0,0.0,6.0,1.0,0.0,6.0,013
9,Ciudad de México,013,Xochimilco,198,Sihuatlixpa,19.198985,-99.11158444444443,2662,1.0,25,4.0,18.0,3.0,10,8.0,4.0,4.0,6.0,7.0,8.0,0.0,4.0,8.0,013
9,Ciudad de México,013,Xochimilco,201,Cuatixi,19.226860833333333,-99.07568166666667,2489,1.0,53,11.0,38.0,4.0,20,17.0,6.0,11.0,10.0,11.0,14.0,3.0,5.0,13.0,013
9,Ciudad de México,013,Xochimilco,202,Paraje Zacapa,19.217471944444444,-99.08941972222222,2548,3.0,865,225.0,611.0,29.0,318,236.0,72.0,163.0,202.0,51.0,230.0,5.0,72.0,193.0,013
9,Ciudad de México,013,Xochimilco,203,Santa Catarina (Piedra Blanca),19.214275555555556,-99.07990583333333,2612,1.0,54,15.0,35.0,4.0,18,13.0,12.0,1.0,10.0,8.0,13.0,0.0,12.0,12.0,013
9,Ciudad de México,013,Xochimilco,204,Huepaltepec,19.215238055555556,-99.07439194444444,2571,1.0,55,7.0,45.0,3.0,12,12.0,1.0,11.0,12.0,1.0,12.0,0.0,1.0,12.0,013
9,Ciudad de México,013,Xochimilco,205,Tecuanatla (Arenal Papanco),19.21699333333333,-99.10788194444444,2429,1.0,137,28.0,102.0,7.0,39,37.0,37.0,0.0,30.0,15.0,37.0,0.0,37.0,37.0,013
9,Ciudad de México,013,Xochimilco,206,Tepepecalachico (Inopilco),19.211003055555555,-99.10755694444444,2508,1.0,19,4.0,12.0,3.0,5,5.0,1.0,3.0,4.0,2.0,4.0,0.0,1.0,4.0,013
9,Ciudad de México,013,Xochimilco,209,Tepeclite,19.204684166666667,-99.10599305555554,2605,1.0,40,6.0,32.0,2.0,14,12.0,0.0,12.0,10.0,3.0,12.0,0.0,0.0,10.0,013
9,Ciudad de México,013,Xochimilco,210,Acalipa,19.191775555555555,-99.12323444444444,2691,1.0,29,3.0,26.0,0.0,11,7.0,5.0,2.0,5.0,1.0,7.0,0.0,5.0,7.0,013
9,Ciudad de México,013,Xochimilco,213,Ampliación Bugambilias (Nauhtecpan),19.23220472222222,-99.13746916666668,2388,1.0,128,31.0,93.0,4.0,35,31.0,3.0,28.0,27.0,16.0,31.0,0.0,2.0,27.0,013
9,Ciudad de México,013,Xochimilco,214,Tepeyecac (El Arenal),19.23034583333333,-99.12540833333333,2361,1.0,139,30.0,96.0,13.0,50,43.0,23.0,20.0,39.0,5.0,43.0,0.0,23.0,39.0,013
9,Ciudad de México,013,Xochimilco,215,Tepexomulco (Kilómetro 27.8),19.226744166666666,-99.1298261111111,2515,1.0,12,3.0,8.0,1.0,4,4.0,0.0,4.0,4.0,0.0,4.0,0.0,0.0,4.0,013
9,Ciudad de México,013,Xochimilco,218,Ixcuicuilco,19.221023888888887,-99.11734361111111,2378,1.0,43,12.0,31.0,0.0,15,12.0,12.0,0.0,11.0,3.0,12.0,0.0,12.0,9.0,013
9,Ciudad de México,013,Xochimilco,224,Corralón Policía Federal de Caminos,19.236863055555556,-99.05454194444444,2325,1.0,14,3.0,10.0,1.0,4,3.0,1.0,2.0,2.0,1.0,1.0,2.0,1.0,2.0,013
9,Ciudad de México,013,Xochimilco,226,Cocopalcuautla,19.221225277777776,-99.04620694444445,2491,1.0,71,16.0,51.0,4.0,22,20.0,20.0,0.0,18.0,5.0,20.0,0.0,20.0,19.0,013
9,Ciudad de México,013,Xochimilco,231,Tecanco,19.23181888888889,-99.07219444444443,2418,2.0,355,100.0,243.0,12.0,105,90.0,19.0,71.0,57.0,32.0,59.0,31.0,12.0,79.0,013
9,Ciudad de México,013,Xochimilco,232,Atlaxco,19.233268888888887,-99.06857944444444,2362,1.0,123,33.0,83.0,7.0,50,38.0,5.0,33.0,26.0,3.0,38.0,0.0,4.0,33.0,013
9,Ciudad de México,013,Xochimilco,234,Barrio Nochicala,19.24482916666667,-99.03970638888889,2379,1.0,179,17.0,151.0,11.0,87,71.0,4.0,67.0,68.0,1.0,68.0,3.0,4.0,70.0,013
9,Ciudad de México,013,Xochimilco,236,Camino Real a San Pedro,19.23362138888889,-99.055225,2349,1.0,151,45.0,97.0,9.0,39,33.0,3.0,30.0,27.0,10.0,31.0,2.0,2.0,30.0,013
9,Ciudad de México,013,Xochimilco,237,El Cedral,19.216040277777775,-99.11792916666666,2397,1.0,28,8.0,19.0,1.0,11,7.0,7.0,0.0,6.0,2.0,7.0,0.0,7.0,7.0,013
9,Ciudad de México,013,Xochimilco,238,La Espejera,19.262453333333333,-99.05692916666666,2227,1.0,40,14.0,24.0,2.0,9,9.0,9.0,0.0,4.0,0.0,8.0,1.0,8.0,8.0,013
9,Ciudad de México,013,Xochimilco,239,Ahuatitla (Texcopaxuli),19.231381388888888,-99.05424944444444,2370,1.0,232,71.0,152.0,9.0,68,57.0,14.0,43.0,54.0,26.0,55.0,2.0,14.0,50.0,013
9,Ciudad de México,013,Xochimilco,242,Atenco (Tlaquilpa),19.256444444444444,-99.05489527777777,2231,1.0,47,8.0,36.0,3.0,17,15.0,14.0,1.0,11.0,0.0,15.0,0.0,14.0,14.0,013
9,Ciudad de México,013,Xochimilco,243,Naxayopa,19.258905555555554,-99.05902194444444,2227,1.0,227,64.0,152.0,11.0,55,53.0,45.0,8.0,30.0,7.0,51.0,2.0,43.0,39.0,013
9,Ciudad de México,013,Xochimilco,244,Coapantitla,19.25687361111111,-99.05667583333333,2229,1.0,62,22.0,36.0,4.0,14,12.0,10.0,2.0,6.0,2.0,11.0,1.0,10.0,10.0,013
9,Ciudad de México,013,Xochimilco,246,Francisco Villa (Tepejoyuca),19.223556388888888,-99.07735222222222,2494,1.0,27,5.0,19.0,3.0,12,6.0,3.0,3.0,4.0,3.0,4.0,2.0,3.0,4.0,013
9,Ciudad de México,013,Xochimilco,249,Chililico,19.265315555555556,-99.09173055555556,2229,1.0,113,39.0,72.0,2.0,29,29.0,3.0,26.0,17.0,2.0,21.0,8.0,3.0,15.0,013
9,Ciudad de México,013,Xochimilco,251,Camino al Panteón (Las Cruces),19.221617777777777,-99.1273836111111,2453,1.0,54,19.0,33.0,2.0,15,12.0,0.0,12.0,11.0,1.0,11.0,1.0,0.0,8.0,013
9,Ciudad de México,013,Xochimilco,252,Texopantitla (Chocolines),19.243233055555557,-99.13522777777779,2360,1.0,182,37.0,138.0,7.0,70,54.0,7.0,47.0,40.0,33.0,54.0,0.0,7.0,52.0,013
9,Ciudad de México,013,Xochimilco,253,Ilimunxutitla,19.192250833333333,-99.10855749999999,2761,1.0,71,19.0,47.0,5.0,21,19.0,6.0,13.0,17.0,1.0,19.0,0.0,6.0,16.0,013
9,Ciudad de México,013,Xochimilco,257,Los Pinos (Tecacahuaco),19.235310833333333,-99.14009,2402,2.0,341,83.0,242.0,16.0,110,88.0,20.0,68.0,64.0,66.0,87.0,1.0,20.0,86.0,013
9,Ciudad de México,013,Xochimilco,258,Temamatla,19.235927222222223,-99.13776833333334,2386,1.0,168,36.0,125.0,7.0,43,38.0,6.0,32.0,30.0,35.0,38.0,0.0,6.0,36.0,013
9,Ciudad de México,013,Xochimilco,261,Milahuaytitla,19.24050916666667,-99.04925333333333,2382,1.0,36,5.0,29.0,2.0,11,10.0,0.0,10.0,9.0,1.0,9.0,1.0,0.0,7.0,013
9,Ciudad de México,013,Xochimilco,262,Nochicala (Pajaritos),19.24202138888889,-99.03763472222222,2439,1.0,44,7.0,34.0,3.0,25,18.0,0.0,18.0,16.0,1.0,18.0,0.0,0.0,18.0,013
9,Ciudad de México,013,Xochimilco,263,San Juan Diego (Matlacuaitla),19.243164444444446,-99.04438888888889,2372,1.0,62,9.0,46.0,7.0,25,21.0,1.0,20.0,21.0,0.0,19.0,2.0,1.0,21.0,013
9,Ciudad de México,013,Xochimilco,264,Paraje Tlahuiteco,19.192061111111112,-99.12225166666666,2691,1.0,25,11.0,14.0,0.0,7,7.0,5.0,2.0,7.0,5.0,7.0,0.0,5.0,7.0,013
9,Ciudad de México,013,Xochimilco,265,Moyocalco,19.249780555555557,-99.1352588888889,2301,1.0,183,41.0,133.0,9.0,66,51.0,24.0,27.0,43.0,35.0,50.0,1.0,24.0,49.0,013
9,Ciudad de México,013,Xochimilco,266,Cuahuticultitla,19.229466388888888,-99.14190500000001,2409,1.0,135,36.0,97.0,2.0,30,30.0,14.0,16.0,17.0,21.0,28.0,2.0,13.0,26.0,013
9,Ciudad de México,013,Xochimilco,267,Tizilingo,19.238055555555558,-99.08342138888888,2404,1.0,225,67.0,153.0,5.0,78,66.0,0.0,66.0,29.0,2.0,65.0,1.0,0.0,60.0,013
9,Ciudad de México,013,Xochimilco,269,Bosques de la Paz,19.23204972222222,-99.07523277777777,2425,1.0,201,59.0,136.0,6.0,64,49.0,8.0,41.0,39.0,15.0,47.0,2.0,8.0,46.0,013
9,Ciudad de México,013,Xochimilco,270,Contlalco,19.24459722222222,-99.1319925,2339,1.0,78,22.0,55.0,1.0,17,17.0,10.0,7.0,12.0,5.0,17.0,0.0,10.0,16.0,013
9,Ciudad de México,013,Xochimilco,271,Tlalmelaca,19.26385361111111,-99.0372236111111,2231,1.0,116,40.0,75.0,1.0,30,28.0,27.0,1.0,3.0,1.0,28.0,0.0,27.0,9.0,013
9,Ciudad de México,013,Xochimilco,273,Zacazontlipac,19.197014444444445,-99.10757638888889,2671,3.0,575,122.0,429.0,24.0,171,134.0,30.0,104.0,118.0,31.0,134.0,0.0,30.0,132.0,013
9,Ciudad de México,013,Xochimilco,274,Tepetlatzinco,19.226120833333333,-99.05797861111111,2391,1.0,12,1.0,8.0,3.0,5,5.0,0.0,5.0,2.0,1.0,2.0,3.0,0.0,2.0,013
9,Ciudad de México,013,Xochimilco,275,El Corazón,19.198672777777777,-99.10968583333333,2658,1.0,42,12.0,28.0,2.0,11,11.0,0.0,11.0,10.0,1.0,9.0,2.0,0.0,11.0,013
9,Ciudad de México,013,Xochimilco,276,Ocoxochoca,19.225533055555555,-99.14052861111112,2409,1.0,37,9.0,27.0,1.0,14,11.0,2.0,9.0,8.0,3.0,10.0,1.0,2.0,10.0,013
9,Ciudad de México,013,Xochimilco,277,Texcalatlaco,19.23447611111111,-99.05219305555555,2376,1.0,32,10.0,20.0,2.0,14,12.0,2.0,10.0,11.0,2.0,11.0,1.0,1.0,5.0,013
9,Ciudad de México,013,Xochimilco,278,Azizicantitla,19.224170833333332,-99.14273166666668,2433,1.0,95,15.0,73.0,7.0,30,25.0,11.0,14.0,22.0,21.0,25.0,0.0,10.0,25.0,013
9,Ciudad de México,013,Xochimilco,281,Ahuapixititla,19.208679166666666,-99.10692666666667,2539,1.0,25,7.0,16.0,2.0,8,7.0,1.0,6.0,5.0,3.0,7.0,0.0,1.0,7.0,013
9,Ciudad de México,013,Xochimilco,282,El Corral,19.20803833333333,-99.10822777777777,2544,1.0,6,0.0,3.0,3.0,7,4.0,0.0,4.0,3.0,2.0,4.0,0.0,0.0,4.0,013
9,Ciudad de México,013,Xochimilco,283,Axomulco,19.22007083333333,-99.06652583333333,2520,1.0,47,8.0,37.0,2.0,22,14.0,2.0,12.0,11.0,6.0,6.0,8.0,2.0,5.0,013
9,Ciudad de México,013,Xochimilco,284,Oquetzalpa,19.222436944444443,-99.11693083333333,2373,1.0,75,25.0,45.0,5.0,20,19.0,17.0,2.0,14.0,3.0,19.0,0.0,17.0,19.0,013
9,Ciudad de México,013,Xochimilco,285,Texcalpa,19.225067499999998,-99.14223805555557,2421,1.0,46,9.0,34.0,3.0,19,14.0,2.0,12.0,13.0,11.0,13.0,1.0,2.0,11.0,013
9,Ciudad de México,013,Xochimilco,286,Acapa,19.222502499999997,-99.04460638888888,2516,1.0,9,1.0,8.0,0.0,4,4.0,3.0,1.0,3.0,3.0,4.0,0.0,3.0,4.0,013
9,Ciudad de México,013,Xochimilco,287,Ototzingo (Acuario),19.256156944444445,-99.05204638888888,2231,1.0,33,12.0,19.0,2.0,9,9.0,7.0,2.0,5.0,2.0,7.0,2.0,5.0,3.0,013
9,Ciudad de México,013,Xochimilco,289,Zacatongo,19.19465361111111,-99.12956694444443,2629,1.0,45,11.0,34.0,0.0,16,12.0,1.0,11.0,9.0,1.0,8.0,4.0,0.0,7.0,013
9,Ciudad de México,013,Xochimilco,290,Ampliacion Tlapanoya Baja,19.24111638888889,-99.13437666666667,2370,1.0,60,17.0,40.0,3.0,24,20.0,1.0,19.0,9.0,17.0,20.0,0.0,1.0,20.0,013
9,Ciudad de México,013,Xochimilco,291,Ampliación San Bartolo,19.235200000000003,-99.06537333333333,2394,1.0,74,19.0,54.0,1.0,24,20.0,1.0,19.0,18.0,1.0,19.0,1.0,1.0,16.0,013
9,Ciudad de México,013,Xochimilco,292,Ampliación San Martín Caballero,19.242698055555557,-99.06034333333334,2379,1.0,21,4.0,17.0,0.0,9,9.0,0.0,9.0,7.0,5.0,6.0,3.0,0.0,2.0,013
9,Ciudad de México,013,Xochimilco,293,Techachalictic,19.216939166666666,-99.06539777777778,2554,1.0,16,4.0,11.0,1.0,5,5.0,0.0,5.0,5.0,0.0,5.0,0.0,0.0,5.0,013
9,Ciudad de México,013,Xochimilco,294,Las Cubetas,19.224496944444443,-99.0809925,2490,1.0,27,6.0,20.0,1.0,14,6.0,0.0,6.0,6.0,2.0,6.0,0.0,0.0,2.0,013
9,Ciudad de México,013,Xochimilco,295,San Sebastián,19.266087777777777,-99.03952805555555,2230,1.0,27,7.0,19.0,1.0,9,8.0,7.0,1.0,3.0,1.0,6.0,2.0,6.0,2.0,013
9,Ciudad de México,014,Benito Juárez,1,Benito Juárez,19.37199222222222,-99.15785333333334,2238,12.0,434153,51243.0,321279.0,61593.0,199993,176053.0,175745.0,43.0,160719.0,158802.0,175751.0,33.0,175690.0,175671.0,014
9,Ciudad de México,015,Cuauhtémoc,1,Cuauhtémoc,19.441646666666667,-99.15188361111112,2230,13.0,545884,83469.0,398058.0,64291.0,227906,196466.0,195626.0,183.0,170762.0,166899.0,195673.0,131.0,195451.0,195410.0,015
9,Ciudad de México,016,Miguel Hidalgo,1,Miguel Hidalgo,19.407268888888886,-99.19075444444445,2264,12.0,414470,62495.0,295866.0,50183.0,168191,146762.0,144419.0,109.0,119499.0,102876.0,144398.0,129.0,144282.0,144260.0,016
9,Ciudad de México,017,Venustiano Carranza,1,Venustiano Carranza,19.419261944444447,-99.11370111111111,2230,12.0,443704,78081.0,310974.0,54234.0,151569,135768.0,135223.0,75.0,124351.0,106798.0,135217.0,65.0,135108.0,135077.0,017
